REGION	POS	REF	ALT	REF_DP	REF_RV	REF_QUAL	ALT_DP	ALT_RV	ALT_QUAL	ALT_FREQ	TOTAL_DP	PVAL	PASS	GFF_FEATURE	REF_CODON	REF_AA	ALT_CODON	ALT_AA
MN908947.3	241	C	T	9	0	35	2340	0	36	0.996169	2349	0	TRUE	NA	NA	NA	NA	NA
MN908947.3	733	T	C	4	3	37	244	198	36	0.983871	248	2.23946e-140	TRUE	cds-QHD43415.1	GAT	D	GAC	D
MN908947.3	2749	C	T	57	51	35	7870	7863	35	0.992559	7929	0	TRUE	cds-QHD43415.1	GAC	D	GAT	D
MN908947.3	3037	C	T	2930	2930	35	4933	4898	35	0.62697	7868	0	TRUE	cds-QHD43415.1	TTC	F	TTT	F
MN908947.3	3429	C	T	27	26	36	7938	7925	36	0.99661	7965	0	TRUE	cds-QHD43415.1	ACA	T	ATA	I
MN908947.3	3828	C	T	20	7	35	7970	7928	36	0.997247	7992	0	TRUE	cds-QHD43415.1	TCA	S	TTA	L
MN908947.3	6319	A	G	11	7	35	7888	6220	35	0.998607	7899	0	TRUE	cds-QHD43415.1	CCA	P	CCG	P
MN908947.3	6613	A	G	12	12	34	7758	7751	36	0.998327	7771	0	TRUE	cds-QHD43415.1	GTA	V	GTG	V
MN908947.3	11083	G	T	1149	2	36	3074	701	35	0.724829	4241	0	TRUE	cds-QHD43415.1	TTG	L	TTT	F
MN908947.3	11291	G	A	17	15	40	7928	7928	36	0.997609	7947	0	TRUE	cds-QHD43415.1	GGT	G	AGT	S
MN908947.3	11296	T	G	40	40	36	7840	7840	35	0.994167	7886	0	TRUE	cds-QHD43415.1	TTT	F	TTG	L
MN908947.3	13860	C	T	229	207	34	5684	23	36	0.96046	5918	0	TRUE	cds-QHD43415.1	GAC	D	GAT	D
MN908947.3	14408	C	T	12	12	37	7861	7839	35	0.997589	7880	0	TRUE	cds-QHD43415.1	CCT	P	CTT	L
MN908947.3	17259	G	T	7	0	34	1782	239	36	0.995531	1790	0	TRUE	cds-QHD43415.1	GAG	E	GAT	D
MN908947.3	19545	C	T	35	15	35	7961	7960	36	0.995001	8001	0	TRUE	cds-QHD43415.1	ATC	I	ATT	I
MN908947.3	21621	C	A	26	3	35	3135	4	35	0.988647	3171	0	TRUE	cds-QHD43416.1	ACC	T	AAC	N
MN908947.3	21638	C	T	11	1	66	3683	622	57	0.994062	3705	0	TRUE	cds-QHD43416.1	CCT	P	TCT	S
MN908947.3	21974	G	T	1	1	37	2974	5	36	0.997987	2980	0	TRUE	cds-QHD43416.1	GAT	D	TAT	Y
MN908947.3	22132	G	T	17	10	35	5804	5799	36	0.994687	5835	0	TRUE	cds-QHD43416.1	AGG	R	AGT	S
MN908947.3	23063	A	T	10	0	37	3297	16	36	0.996073	3310	0	TRUE	cds-QHD43416.1	AAT	N	TAT	Y
MN908947.3	23403	A	G	9	9	35	7946	7918	36	0.998869	7955	0	TRUE	cds-QHD43416.1	GAT	D	GGT	G
MN908947.3	23525	C	T	54	54	36	7915	7878	36	0.992352	7976	0	TRUE	cds-QHD43416.1	CAT	H	TAT	Y
MN908947.3	26149	T	C	8	8	34	7923	7912	35	0.998991	7931	0	TRUE	cds-QHD43417.1	TCC	S	CCC	P
MN908947.3	28167	G	A	28	28	32	7951	7931	36	0.996241	7981	0	TRUE	cds-QHD43422.1	GAA	E	AAA	K
MN908947.3	28262	G	A	31	0	35	79	1	35	0.718182	110	1.6053e-34	TRUE	NA	NA	NA	NA	NA
