REGION	POS	REF	ALT	REF_DP	REF_RV	REF_QUAL	ALT_DP	ALT_RV	ALT_QUAL	ALT_FREQ	TOTAL_DP	PVAL	PASS	GFF_FEATURE	REF_CODON	REF_AA	ALT_CODON	ALT_AA
MN908947.3	241	C	T	2	0	36	1312	1	36	0.996203	1317	0	TRUE	NA	NA	NA	NA	NA
MN908947.3	3037	C	T	1272	1258	35	6578	2264	36	0.837109	7858	0	TRUE	cds-QHD43415.1	TTC	F	TTT	F
MN908947.3	4002	C	T	181	3	36	2710	7	36	0.937068	2892	0	TRUE	cds-QHD43415.1	ACT	T	ATT	I
MN908947.3	10097	G	A	13	2	37	397	1	34	0.961259	413	2.13892e-227	TRUE	cds-QHD43415.1	GGT	G	AGT	S
MN908947.3	11315	A	G	2169	2155	36	3606	3585	36	0.624091	5778	0	TRUE	cds-QHD43415.1	ATG	M	GTG	V
MN908947.3	12115	C	T	35	34	35	694	680	32	0.945504	734	0	TRUE	cds-QHD43415.1	TCC	S	TCT	S
MN908947.3	12661	G	A	214	213	35	5574	5549	36	0.96203	5794	0	TRUE	cds-QHD43415.1	AGG	R	AGA	R
MN908947.3	14408	C	T	29	7	36	7719	3305	36	0.994716	7760	0	TRUE	cds-QHD43415.1	CCT	P	CTT	L
MN908947.3	19342	G	A	1435	1209	35	5569	38	36	0.794663	7008	0	TRUE	cds-QHD43415.1	GCT	A	ACT	T
MN908947.3	23403	A	G	9	9	37	7938	7914	36	0.998491	7950	0	TRUE	cds-QHD43416.1	GAT	D	GGT	G
MN908947.3	23948	G	C	1046	765	36	6120	55	36	0.769037	7958	0	TRUE	cds-QHD43416.1	GAT	D	CAT	H
MN908947.3	28881	G	A	421	21	34	2301	2295	36	0.844404	2725	0	TRUE	cds-QHD43423.2	AGG	R	AAG	K
MN908947.3	28882	G	A	398	11	34	2278	2267	35	0.849683	2681	0	TRUE	cds-QHD43423.2	AGG	R	AGA	R
MN908947.3	28883	G	C	398	2	34	2329	2315	36	0.853114	2730	0	TRUE	cds-QHD43423.2	GGA	G	CGA	R
