REGION	POS	REF	ALT	REF_DP	REF_RV	REF_QUAL	ALT_DP	ALT_RV	ALT_QUAL	ALT_FREQ	TOTAL_DP	PVAL	PASS	GFF_FEATURE	REF_CODON	REF_AA	ALT_CODON	ALT_AA
MN908947.3	241	C	T	11	0	35	4993	0	36	0.997204	5007	0	TRUE	NA	NA	NA	NA	NA
MN908947.3	3037	C	T	2741	2741	35	5132	5101	36	0.651434	7878	0	TRUE	cds-QHD43415.1	TTC	F	TTT	F
MN908947.3	10525	C	T	20	5	33	7891	1299	36	0.99722	7913	0	TRUE	cds-QHD43415.1	GTC	V	GTT	V
MN908947.3	12661	G	A	24	22	37	7922	7898	36	0.996478	7950	0	TRUE	cds-QHD43415.1	AGG	R	AGA	R
MN908947.3	14408	C	T	12	12	36	7856	7834	35	0.997081	7879	0	TRUE	cds-QHD43415.1	CCT	P	CTT	L
MN908947.3	17904	T	C	45	31	36	7933	7914	36	0.99411	7980	0	TRUE	cds-QHD43415.1	TGT	C	TGC	C
MN908947.3	23403	A	G	6	6	37	7954	7930	36	0.999246	7960	0	TRUE	cds-QHD43416.1	GAT	D	GGT	G
MN908947.3	28881	G	A	1394	45	34	5926	5923	36	0.809231	7323	0	TRUE	cds-QHD43423.2	AGG	R	AAG	K
MN908947.3	28882	G	A	1340	10	33	5842	5827	35	0.81297	7186	0	TRUE	cds-QHD43423.2	AGG	R	AGA	R
MN908947.3	28883	G	C	1341	2	34	5977	5961	36	0.815973	7325	0	TRUE	cds-QHD43423.2	GGA	G	CGA	R
