REGION	POS	REF	ALT	REF_DP	REF_RV	REF_QUAL	ALT_DP	ALT_RV	ALT_QUAL	ALT_FREQ	TOTAL_DP	PVAL	PASS	GFF_FEATURE	REF_CODON	REF_AA	ALT_CODON	ALT_AA
MN908947.3	40	C	T	31	5	36	113	16	35	0.784722	144	1.73561e-51	TRUE	NA	NA	NA	NA	NA
MN908947.3	241	C	T	1	0	29	795	0	36	0.997491	797	0	TRUE	NA	NA	NA	NA	NA
MN908947.3	1346	C	T	7	7	35	1988	1980	35	0.995992	1996	0	TRUE	cds-QHD43415.1	CCC	P	TCC	S
MN908947.3	3037	C	T	2636	2635	35	5211	4685	36	0.663399	7855	0	TRUE	cds-QHD43415.1	TTC	F	TTT	F
MN908947.3	6312	C	T	12	7	35	7888	3557	36	0.998355	7901	0	TRUE	cds-QHD43415.1	ACA	T	ATA	I
MN908947.3	14408	C	T	16	16	35	7874	7854	35	0.997466	7894	0	TRUE	cds-QHD43415.1	CCT	P	CTT	L
MN908947.3	22334	T	C	33	19	36	7788	7783	34	0.995526	7823	0	TRUE	cds-QHD43416.1	TGG	W	CGG	R
MN908947.3	23403	A	G	10	10	36	7955	7925	36	0.998494	7967	0	TRUE	cds-QHD43416.1	GAT	D	GGT	G
MN908947.3	24863	C	T	6	1	35	7966	4539	36	0.998496	7978	0	TRUE	cds-QHD43416.1	CAC	H	TAC	Y
MN908947.3	26681	C	T	16	1	37	5325	37	36	0.996818	5342	0	TRUE	cds-QHD43419.1	TTC	F	TTT	F
MN908947.3	28881	G	A	984	30	34	4710	4703	36	0.826751	5697	0	TRUE	cds-QHD43423.2	AGG	R	AAG	K
MN908947.3	28882	G	A	931	11	33	4652	4643	35	0.832945	5585	0	TRUE	cds-QHD43423.2	AGG	R	AGA	R
MN908947.3	28883	G	C	937	3	33	4739	4726	36	0.833304	5687	0	TRUE	cds-QHD43423.2	GGA	G	CGA	R
