REGION	POS	REF	ALT	REF_DP	REF_RV	REF_QUAL	ALT_DP	ALT_RV	ALT_QUAL	ALT_FREQ	TOTAL_DP	PVAL	PASS	GFF_FEATURE	REF_CODON	REF_AA	ALT_CODON	ALT_AA
MN908947.3	241	C	T	7	0	33	3338	0	36	0.997013	3348	0	TRUE	NA	NA	NA	NA	NA
MN908947.3	3037	C	T	2193	2191	35	5633	4228	36	0.718862	7836	0	TRUE	cds-QHD43415.1	TTC	F	TTT	F
MN908947.3	3691	A	G	17	17	32	7662	7500	33	0.9961	7692	0	TRUE	cds-QHD43415.1	GAA	E	GAG	E
MN908947.3	8137	G	A	11	11	37	5770	5726	36	0.997752	5783	0	TRUE	cds-QHD43415.1	GTG	V	GTA	V
MN908947.3	10097	G	A	2	0	37	483	0	34	0.989754	488	7.73659e-295	TRUE	cds-QHD43415.1	GGT	G	AGT	S
MN908947.3	12661	G	A	15	15	35	6721	6700	36	0.997329	6739	0	TRUE	cds-QHD43415.1	AGG	R	AGA	R
MN908947.3	14408	C	T	18	15	36	7816	7261	35	0.99643	7844	0	TRUE	cds-QHD43415.1	CCT	P	CTT	L
MN908947.3	21137	A	G	2110	36	35	5791	5674	35	0.732852	7902	0	TRUE	cds-QHD43415.1	AAG	K	AGG	R
MN908947.3	23403	A	G	5	5	34	7960	7949	36	0.999247	7966	0	TRUE	cds-QHD43416.1	GAT	D	GGT	G
MN908947.3	23536	C	T	39	28	34	7886	7862	36	0.994201	7932	0	TRUE	cds-QHD43416.1	AAC	N	AAT	N
MN908947.3	25624	C	T	48	0	35	4670	3	36	0.989616	4719	0	TRUE	cds-QHD43417.1	CAC	H	TAC	Y
MN908947.3	28881	G	A	971	42	34	4146	4141	36	0.809924	5119	0	TRUE	cds-QHD43423.2	AGG	R	AAG	K
MN908947.3	28882	G	A	928	14	33	4111	4101	35	0.815351	5042	0	TRUE	cds-QHD43423.2	AGG	R	AGA	R
MN908947.3	28883	G	C	930	0	34	4185	4174	36	0.817542	5119	0	TRUE	cds-QHD43423.2	GGA	G	CGA	R
