REGION	POS	REF	ALT	REF_DP	REF_RV	REF_QUAL	ALT_DP	ALT_RV	ALT_QUAL	ALT_FREQ	TOTAL_DP	PVAL	PASS	GFF_FEATURE	REF_CODON	REF_AA	ALT_CODON	ALT_AA
MN908947.3	241	C	T	3	0	35	1180	0	36	0.995781	1185	0	TRUE	NA	NA	NA	NA	NA
MN908947.3	3037	C	T	1803	1766	35	6089	3332	36	0.77115	7896	0	TRUE	cds-QHD43415.1	TTC	F	TTT	F
MN908947.3	11291	G	A	808	483	50	6832	6832	36	0.894241	7640	0	TRUE	cds-QHD43415.1	GGT	G	AGT	S
MN908947.3	14408	C	T	25	9	36	7628	3940	35	0.995043	7666	0	TRUE	cds-QHD43415.1	CCT	P	CTT	L
MN908947.3	16535	G	C	2836	248	35	4669	12	35	0.61281	7619	0	TRUE	cds-QHD43415.1	AGC	S	ACC	T
MN908947.3	21762	C	T	78	69	33	1412	1395	36	0.947651	1490	0	TRUE	cds-QHD43416.1	GCT	A	GTT	V
MN908947.3	21764	A	-TACATG	1480	1457	35	1423	0	20	0.936184	1520	1.0528e-302	TRUE	NA	NA	NA	NA	NA
MN908947.3	21986	G	-GTGTTTATT	1785	1765	32	1825	0	20	0.952505	1916	0	TRUE	NA	NA	NA	NA	NA
MN908947.3	22674	C	T	424	422	32	653	652	34	0.606314	1077	9.17643e-272	TRUE	cds-QHD43416.1	TCC	S	TTC	F
MN908947.3	22679	T	C	2597	449	35	5239	614	35	0.668325	7839	0	TRUE	cds-QHD43416.1	TCA	S	CCA	P
MN908947.3	22686	C	T	2507	383	35	5325	671	35	0.678863	7844	0	TRUE	cds-QHD43416.1	TCC	S	TTC	F
MN908947.3	23063	A	T	1714	2	36	4461	0	36	0.721494	6183	0	TRUE	cds-QHD43416.1	AAT	N	TAT	Y
MN908947.3	23403	A	G	5	5	37	7286	7275	36	0.999314	7291	0	TRUE	cds-QHD43416.1	GAT	D	GGT	G
MN908947.3	23525	C	T	1497	1371	39	5908	5370	39	0.797516	7408	0	TRUE	cds-QHD43416.1	CAT	H	TAT	Y
MN908947.3	28311	C	T	69	62	35	7462	7460	33	0.989918	7538	0	TRUE	cds-QHD43423.2	CCC	P	CTC	L
MN908947.3	28361	G	-GAGAACGCA	7972	7957	36	7382	0	20	0.918616	8036	0	TRUE	NA	NA	NA	NA	NA
MN908947.3	28881	G	A	301	9	34	1499	1498	36	0.832315	1801	0	TRUE	cds-QHD43423.2	AGG	R	AAG	K
MN908947.3	28882	G	A	297	3	34	1492	1487	35	0.832589	1792	0	TRUE	cds-QHD43423.2	AGG	R	AGA	R
MN908947.3	28883	G	C	294	1	34	1509	1503	36	0.835086	1807	0	TRUE	cds-QHD43423.2	GGA	G	CGA	R
