REGION	POS	REF	ALT	REF_DP	REF_RV	REF_QUAL	ALT_DP	ALT_RV	ALT_QUAL	ALT_FREQ	TOTAL_DP	PVAL	PASS	GFF_FEATURE	REF_CODON	REF_AA	ALT_CODON	ALT_AA
MN908947.3	241	C	T	2	0	37	732	0	36	0.997275	734	0	TRUE	NA	NA	NA	NA	NA
MN908947.3	257	A	G	209	200	37	435	427	37	0.675466	644	1.61047e-184	TRUE	NA	NA	NA	NA	NA
MN908947.3	2031	A	G	1325	1318	35	2066	2066	35	0.60908	3392	0	TRUE	cds-QHD43415.1	GAT	D	GGT	G
MN908947.3	3037	C	T	1399	1368	35	5639	2413	36	0.800539	7044	0	TRUE	cds-QHD43415.1	TTC	F	TTT	F
MN908947.3	7869	C	T	1989	1977	36	3324	3307	36	0.625635	5313	0	TRUE	cds-QHD43415.1	TCA	S	TTA	L
MN908947.3	10834	C	T	1527	1525	33	2771	2770	36	0.644269	4301	0	TRUE	cds-QHD43415.1	GCC	A	GCT	A
MN908947.3	14408	C	T	26	6	36	7228	2374	36	0.995729	7259	0	TRUE	cds-QHD43415.1	CCT	P	CTT	L
MN908947.3	16535	G	C	1479	167	35	5812	11	34	0.786788	7387	0	TRUE	cds-QHD43415.1	AGC	S	ACC	T
MN908947.3	22995	C	A	3134	1017	36	4782	442	35	0.602798	7933	0	TRUE	cds-QHD43416.1	ACA	T	AAA	K
MN908947.3	23403	A	G	4	4	37	4691	4684	36	0.999148	4695	0	TRUE	cds-QHD43416.1	GAT	D	GGT	G
MN908947.3	28311	C	T	73	65	35	7343	7341	33	0.989089	7424	0	TRUE	cds-QHD43423.2	CCC	P	CTC	L
MN908947.3	28361	G	-GAGAACGCA	8004	7983	36	7331	0	20	0.91091	8048	0	TRUE	NA	NA	NA	NA	NA
MN908947.3	28881	G	A	616	1	34	1475	1473	36	0.70473	2093	0	TRUE	cds-QHD43423.2	AGG	R	AAG	K
MN908947.3	28882	G	A	601	2	33	1451	1447	35	0.705053	2058	0	TRUE	cds-QHD43423.2	AGG	R	AGA	R
MN908947.3	28883	G	C	610	0	34	1484	1479	36	0.708353	2095	0	TRUE	cds-QHD43423.2	GGA	G	CGA	R
