REGION	POS	REF	ALT	REF_DP	REF_RV	REF_QUAL	ALT_DP	ALT_RV	ALT_QUAL	ALT_FREQ	TOTAL_DP	PVAL	PASS	GFF_FEATURE	REF_CODON	REF_AA	ALT_CODON	ALT_AA
MN908947.3	241	C	T	4	0	35	2509	2	36	0.998011	2514	0	TRUE	NA	NA	NA	NA	NA
MN908947.3	2475	A	G	2	1	34	152	119	36	0.987013	154	5.10359e-88	TRUE	cds-QHD43415.1	AAA	K	AGA	R
MN908947.3	3037	C	T	2244	2244	35	5635	5605	36	0.714467	7887	0	TRUE	cds-QHD43415.1	TTC	F	TTT	F
MN908947.3	5869	C	T	1052	1035	36	6691	27	35	0.863912	7745	0	TRUE	cds-QHD43415.1	TAC	Y	TAT	Y
MN908947.3	13762	G	T	2293	2279	35	5637	10	36	0.710128	7938	0	TRUE	cds-QHD43415.1	GGT	G	TGT	C
MN908947.3	14408	C	T	13	13	35	7856	7836	35	0.998221	7870	0	TRUE	cds-QHD43415.1	CCT	P	CTT	L
MN908947.3	15720	C	T	529	500	34	7379	16	36	0.931339	7923	0	TRUE	cds-QHD43415.1	GAC	D	GAT	D
MN908947.3	23403	A	G	5	5	33	7955	7926	36	0.999246	7961	0	TRUE	cds-QHD43416.1	GAT	D	GGT	G
MN908947.3	27299	T	C	2	1	37	131	17	35	0.984962	133	3.07529e-75	TRUE	cds-QHD43420.1	ATA	I	ACA	T
MN908947.3	28881	G	A	125	118	36	7806	7805	36	0.983619	7936	0	TRUE	cds-QHD43423.2	AGG	R	AAG	K
MN908947.3	28882	G	A	22	15	36	7716	7715	35	0.996256	7745	0	TRUE	cds-QHD43423.2	AGG	R	AGA	R
MN908947.3	28883	G	C	7	2	35	7937	7933	35	0.998365	7950	0	TRUE	cds-QHD43423.2	GGA	G	CGA	R
MN908947.3	29148	T	C	185	181	34	7509	7485	34	0.975195	7700	0	TRUE	cds-QHD43423.2	ATC	I	ACC	T
MN908947.3	29725	A	-T	7900	33	35	7950	0	20	0.994123	7997	0	TRUE	NA	NA	NA	NA	NA
