REGION	POS	REF	ALT	REF_DP	REF_RV	REF_QUAL	ALT_DP	ALT_RV	ALT_QUAL	ALT_FREQ	TOTAL_DP	PVAL	PASS	GFF_FEATURE	REF_CODON	REF_AA	ALT_CODON	ALT_AA
MN908947.3	241	C	T	4	0	35	2462	0	36	0.998378	2466	0	TRUE	NA	NA	NA	NA	NA
MN908947.3	2475	A	G	5	0	37	1878	34	36	0.997345	1883	0	TRUE	cds-QHD43415.1	AAA	K	AGA	R
MN908947.3	3037	C	T	1685	1681	34	6219	4499	36	0.786518	7907	0	TRUE	cds-QHD43415.1	TTC	F	TTT	F
MN908947.3	10475	C	A	37	6	61	4525	434	63	0.99037	4569	0	TRUE	cds-QHD43415.1	CTT	L	ATT	I
MN908947.3	11222	G	T	2232	162	36	5736	5644	36	0.718347	7985	0	TRUE	cds-QHD43415.1	GTC	V	TTC	F
MN908947.3	14408	C	T	15	8	36	7876	4913	35	0.997467	7896	0	TRUE	cds-QHD43415.1	CCT	P	CTT	L
MN908947.3	22450	C	T	10	0	35	7965	270	36	0.998496	7977	0	TRUE	cds-QHD43416.1	CTC	L	CTT	L
MN908947.3	23179	C	T	72	71	37	4098	4074	36	0.982498	4171	0	TRUE	cds-QHD43416.1	GTC	V	GTT	V
MN908947.3	23403	A	G	5	5	36	7957	7949	36	0.999247	7963	0	TRUE	cds-QHD43416.1	GAT	D	GGT	G
MN908947.3	25844	C	T	8	8	34	3415	3373	34	0.996208	3428	0	TRUE	cds-QHD43417.1	ACT	T	ATT	I
MN908947.3	27299	T	C	71	0	36	3506	14	35	0.980151	3577	0	TRUE	cds-QHD43420.1	ATA	I	ACA	T
MN908947.3	28881	G	A	608	138	34	3669	3668	36	0.857443	4279	0	TRUE	cds-QHD43423.2	AGG	R	AAG	K
MN908947.3	28882	G	A	460	5	34	3707	3690	35	0.888969	4170	0	TRUE	cds-QHD43423.2	AGG	R	AGA	R
MN908947.3	28883	G	C	466	5	34	3797	3781	35	0.890478	4264	0	TRUE	cds-QHD43423.2	GGA	G	CGA	R
MN908947.3	29148	T	C	392	384	33	4122	4033	34	0.912553	4517	0	TRUE	cds-QHD43423.2	ATC	I	ACC	T
