REGION	POS	REF	ALT	REF_DP	REF_RV	REF_QUAL	ALT_DP	ALT_RV	ALT_QUAL	ALT_FREQ	TOTAL_DP	PVAL	PASS	GFF_FEATURE	REF_CODON	REF_AA	ALT_CODON	ALT_AA
MN908947.3	241	C	T	8	0	35	3302	6	36	0.995178	3318	0	TRUE	NA	NA	NA	NA	NA
MN908947.3	2475	A	G	2	0	33	653	151	36	0.996947	655	0	TRUE	cds-QHD43415.1	AAA	K	AGA	R
MN908947.3	3037	C	T	2743	2742	35	5114	5087	35	0.650471	7862	0	TRUE	cds-QHD43415.1	TTC	F	TTT	F
MN908947.3	14408	C	T	25	25	36	7842	7819	35	0.99543	7878	0	TRUE	cds-QHD43415.1	CCT	P	CTT	L
MN908947.3	23403	A	G	6	5	36	7958	7922	36	0.999121	7965	0	TRUE	cds-QHD43416.1	GAT	D	GGT	G
MN908947.3	25844	C	T	12	12	35	7574	7443	34	0.997235	7595	0	TRUE	cds-QHD43417.1	ACT	T	ATT	I
MN908947.3	27299	T	C	8	1	35	1001	35	35	0.992071	1009	0	TRUE	cds-QHD43420.1	ATA	I	ACA	T
MN908947.3	28881	G	A	1745	33	34	4856	4849	36	0.735312	6604	0	TRUE	cds-QHD43423.2	AGG	R	AAG	K
MN908947.3	28882	G	A	1710	19	33	4776	4759	35	0.735788	6491	0	TRUE	cds-QHD43423.2	AGG	R	AGA	R
MN908947.3	28883	G	C	1710	5	34	4878	4856	36	0.738643	6604	0	TRUE	cds-QHD43423.2	GGA	G	CGA	R
MN908947.3	29148	T	C	98	85	35	5778	5753	34	0.982653	5880	0	TRUE	cds-QHD43423.2	ATC	I	ACC	T
