REGION	POS	REF	ALT	REF_DP	REF_RV	REF_QUAL	ALT_DP	ALT_RV	ALT_QUAL	ALT_FREQ	TOTAL_DP	PVAL	PASS	GFF_FEATURE	REF_CODON	REF_AA	ALT_CODON	ALT_AA
MN908947.3	241	C	T	7	0	35	4159	0	36	0.997841	4168	0	TRUE	NA	NA	NA	NA	NA
MN908947.3	257	A	G	2	2	35	3839	3806	36	0.999219	3842	0	TRUE	NA	NA	NA	NA	NA
MN908947.3	2031	A	G	148	148	34	4898	4896	34	0.969901	5050	0	TRUE	cds-QHD43415.1	GAT	D	GGT	G
MN908947.3	3037	C	T	2443	2443	35	5453	5433	36	0.689904	7904	0	TRUE	cds-QHD43415.1	TTC	F	TTT	F
MN908947.3	6631	T	C	9	9	37	7704	7702	34	0.998186	7718	0	TRUE	cds-QHD43415.1	CTT	L	CTC	L
MN908947.3	7869	C	T	30	29	36	5759	5730	36	0.993616	5796	0	TRUE	cds-QHD43415.1	TCA	S	TTA	L
MN908947.3	9893	C	T	22	21	35	7943	7928	36	0.996737	7969	0	TRUE	cds-QHD43415.1	CTT	L	TTT	F
MN908947.3	10834	C	T	21	21	32	2619	2605	35	0.99167	2641	0	TRUE	cds-QHD43415.1	GCC	A	GCT	A
MN908947.3	11330	G	A	26	26	35	4791	4787	35	0.993777	4821	0	TRUE	cds-QHD43415.1	GTA	V	ATA	I
MN908947.3	14408	C	T	16	16	36	7855	7837	35	0.99746	7875	0	TRUE	cds-QHD43415.1	CCT	P	CTT	L
MN908947.3	22346	G	T	4	4	37	7862	7844	35	0.997842	7879	0	TRUE	cds-QHD43416.1	GCT	A	TCT	S
MN908947.3	23403	A	G	3	3	37	7957	7934	36	0.999623	7960	0	TRUE	cds-QHD43416.1	GAT	D	GGT	G
MN908947.3	26286	T	C	337	20	36	7619	7609	36	0.957401	7958	0	TRUE	cds-QHD43418.1	GTT	V	GTC	V
MN908947.3	26963	A	G	262	2	34	5850	41	36	0.956351	6117	0	TRUE	cds-QHD43419.1	GGA	G	GGG	G
MN908947.3	28881	G	A	1129	66	34	5056	5051	36	0.817197	6187	0	TRUE	cds-QHD43423.2	AGG	R	AAG	K
MN908947.3	28882	G	A	1056	9	33	5021	5008	35	0.825687	6081	0	TRUE	cds-QHD43423.2	AGG	R	AGA	R
MN908947.3	28883	G	C	1069	0	34	5136	5122	36	0.82732	6208	0	TRUE	cds-QHD43423.2	GGA	G	CGA	R
