REGION	POS	REF	ALT	REF_DP	REF_RV	REF_QUAL	ALT_DP	ALT_RV	ALT_QUAL	ALT_FREQ	TOTAL_DP	PVAL	PASS	GFF_FEATURE	REF_CODON	REF_AA	ALT_CODON	ALT_AA
MN908947.3	241	C	T	2	0	36	1049	0	36	0.998097	1051	0	TRUE	NA	NA	NA	NA	NA
MN908947.3	733	T	C	216	1	35	5052	6	35	0.958634	5270	0	TRUE	cds-QHD43415.1	GAT	D	GAC	D
MN908947.3	3037	C	T	1020	1011	34	5201	2178	36	0.835368	6226	0	TRUE	cds-QHD43415.1	TTC	F	TTT	F
MN908947.3	3828	C	T	1075	16	36	5125	5105	36	0.826346	6202	0	TRUE	cds-QHD43415.1	TCA	S	TTA	L
MN908947.3	6026	C	T	27	27	35	1636	1634	34	0.982583	1665	0	TRUE	cds-QHD43415.1	CCA	P	TCA	S
MN908947.3	6319	A	G	14	9	36	7733	3332	35	0.997163	7755	0	TRUE	cds-QHD43415.1	CCA	P	CCG	P
MN908947.3	6613	A	G	64	64	36	5044	5042	36	0.986891	5111	0	TRUE	cds-QHD43415.1	GTA	V	GTG	V
MN908947.3	11291	G	A	11	7	50	3501	3501	36	0.996301	3514	0	TRUE	cds-QHD43415.1	GGT	G	AGT	S
MN908947.3	11296	T	G	59	59	36	3453	3453	35	0.982082	3516	0	TRUE	cds-QHD43415.1	TTT	F	TTG	L
MN908947.3	11747	C	T	40	0	35	5434	0	36	0.99233	5476	0	TRUE	cds-QHD43415.1	CTA	L	TTA	L
MN908947.3	12778	C	T	81	1	36	3054	1	36	0.972611	3140	0	TRUE	cds-QHD43415.1	TAC	Y	TAT	Y
MN908947.3	13860	C	T	1104	1076	36	4444	34	36	0.800865	5549	0	TRUE	cds-QHD43415.1	GAC	D	GAT	D
MN908947.3	14408	C	T	16	5	36	7911	2822	35	0.997101	7934	0	TRUE	cds-QHD43415.1	CCT	P	CTT	L
MN908947.3	17259	G	T	52	0	35	3206	20	36	0.981328	3267	0	TRUE	cds-QHD43415.1	GAG	E	GAT	D
MN908947.3	21621	C	A	14	1	35	1023	0	35	0.981766	1042	0	TRUE	cds-QHD43416.1	ACC	T	AAC	N
MN908947.3	21638	C	T	4	2	50	1184	196	56	0.994123	1191	0	TRUE	cds-QHD43416.1	CCT	P	TCT	S
MN908947.3	21974	G	T	0	0	0	4166	1	36	0.997128	4178	0	TRUE	cds-QHD43416.1	GAT	D	TAT	Y
MN908947.3	22132	G	T	1037	5	35	2920	2904	36	0.737002	3962	0	TRUE	cds-QHD43416.1	AGG	R	AGT	S
MN908947.3	23063	A	T	69	0	36	4881	2	36	0.984867	4956	0	TRUE	cds-QHD43416.1	AAT	N	TAT	Y
MN908947.3	23403	A	G	5	5	36	6652	6638	36	0.999249	6657	0	TRUE	cds-QHD43416.1	GAT	D	GGT	G
MN908947.3	23525	C	T	183	156	41	6663	5482	42	0.971991	6855	0	TRUE	cds-QHD43416.1	CAT	H	TAT	Y
MN908947.3	25088	G	T	1404	1395	36	6558	41	36	0.82232	7975	0	TRUE	cds-QHD43416.1	GTT	V	TTT	F
MN908947.3	26149	T	C	3	3	36	3591	3589	34	0.999165	3594	0	TRUE	cds-QHD43417.1	TCC	S	CCC	P
MN908947.3	28167	G	A	25	25	35	7960	7956	36	0.996245	7990	0	TRUE	cds-QHD43422.1	GAA	E	AAA	K
MN908947.3	29649	A	G	1816	12	35	3225	3050	36	0.639754	5041	0	TRUE	cds-QHI42199.1	GAT	D	GGT	G
