REGION	POS	REF	ALT	REF_DP	REF_RV	REF_QUAL	ALT_DP	ALT_RV	ALT_QUAL	ALT_FREQ	TOTAL_DP	PVAL	PASS	GFF_FEATURE	REF_CODON	REF_AA	ALT_CODON	ALT_AA
MN908947.3	241	C	T	9	0	36	3194	0	36	0.996568	3205	0	TRUE	NA	NA	NA	NA	NA
MN908947.3	643	C	T	34	32	34	7114	7086	36	0.993853	7158	0	TRUE	cds-QHD43415.1	AAC	N	AAT	N
MN908947.3	683	C	T	89	34	35	7407	7391	36	0.986154	7511	0	TRUE	cds-QHD43415.1	CTA	L	TTA	L
MN908947.3	1274	G	A	390	362	34	7418	6	36	0.950051	7808	0	TRUE	cds-QHD43415.1	GTT	V	ATT	I
MN908947.3	3037	C	T	2563	2561	35	5298	5266	36	0.673275	7869	0	TRUE	cds-QHD43415.1	TTC	F	TTT	F
MN908947.3	7113	C	T	2040	18	36	5948	5922	36	0.744151	7993	0	TRUE	cds-QHD43415.1	ACT	T	ATT	I
MN908947.3	9802	G	T	8	8	35	7794	7789	35	0.995784	7827	0	TRUE	cds-QHD43415.1	GCG	A	GCT	A
MN908947.3	11075	T	C	71	32	35	4413	435	36	0.983946	4485	0	TRUE	cds-QHD43415.1	TTT	F	CTT	L
MN908947.3	11417	G	T	29	29	36	5181	5170	36	0.991769	5224	0	TRUE	cds-QHD43415.1	GTT	V	TTT	F
MN908947.3	14408	C	T	21	21	36	7874	7854	35	0.996331	7903	0	TRUE	cds-QHD43415.1	CCT	P	CTT	L
MN908947.3	15642	T	C	2331	2321	36	5524	79	35	0.702888	7859	0	TRUE	cds-QHD43415.1	AAT	N	AAC	N
MN908947.3	17550	C	T	42	38	34	7802	7791	36	0.984604	7924	0	TRUE	cds-QHD43415.1	CTC	L	CTT	L
MN908947.3	19962	G	T	110	100	34	7804	7787	35	0.984235	7929	0	TRUE	cds-QHD43415.1	ACG	T	ACT	T
MN908947.3	23403	A	G	5	5	37	7957	7925	36	0.999247	7963	0	TRUE	cds-QHD43416.1	GAT	D	GGT	G
MN908947.3	25062	G	C	2405	7	36	5569	5548	36	0.696735	7993	0	TRUE	cds-QHD43416.1	GGT	G	GCT	A
MN908947.3	25521	C	T	18	4	45	6800	1903	42	0.997067	6820	0	TRUE	cds-QHD43417.1	TTC	F	TTT	F
MN908947.3	25913	G	A	42	42	36	7896	7888	36	0.993958	7944	0	TRUE	cds-QHD43417.1	GGC	G	GAC	D
MN908947.3	28278	C	A	0	0	0	295	8	36	0.996622	296	1.88848e-177	TRUE	cds-QHD43423.2	TCT	S	TAT	Y
MN908947.3	28881	G	A	770	45	34	7151	7142	36	0.902221	7926	0	TRUE	cds-QHD43423.2	AGG	R	AAG	K
MN908947.3	28882	G	A	728	20	33	7063	7044	35	0.905049	7804	0	TRUE	cds-QHD43423.2	AGG	R	AGA	R
MN908947.3	28883	G	C	727	1	34	7214	7196	36	0.907079	7953	0	TRUE	cds-QHD43423.2	GGA	G	CGA	R
MN908947.3	29370	C	T	27	26	35	7903	7832	36	0.995591	7938	0	TRUE	cds-QHD43423.2	ACA	T	ATA	I
MN908947.3	29784	C	T	31	1	35	7734	112	35	0.995751	7767	0	TRUE	NA	NA	NA	NA	NA
