REGION	POS	REF	ALT	REF_DP	REF_RV	REF_QUAL	ALT_DP	ALT_RV	ALT_QUAL	ALT_FREQ	TOTAL_DP	PVAL	PASS	GFF_FEATURE	REF_CODON	REF_AA	ALT_CODON	ALT_AA
MN908947.3	241	C	T	12	0	33	4936	1	36	0.997172	4950	0	TRUE	NA	NA	NA	NA	NA
MN908947.3	3037	C	T	3003	3001	35	4841	4804	35	0.616609	7851	0	TRUE	cds-QHD43415.1	TTC	F	TTT	F
MN908947.3	3691	A	G	20	20	34	7769	7453	34	0.995005	7808	0	TRUE	cds-QHD43415.1	GAA	E	GAG	E
MN908947.3	8137	G	A	20	20	35	7894	7810	36	0.996843	7919	0	TRUE	cds-QHD43415.1	GTG	V	GTA	V
MN908947.3	12661	G	A	19	19	36	7920	7896	35	0.997104	7943	0	TRUE	cds-QHD43415.1	AGG	R	AGA	R
MN908947.3	14408	C	T	23	23	35	7870	7850	35	0.996203	7900	0	TRUE	cds-QHD43415.1	CCT	P	CTT	L
MN908947.3	21137	A	G	42	29	36	7932	7835	36	0.994483	7976	0	TRUE	cds-QHD43415.1	AAG	K	AGG	R
MN908947.3	23403	A	G	6	6	37	7942	7921	36	0.999245	7948	0	TRUE	cds-QHD43416.1	GAT	D	GGT	G
MN908947.3	23536	C	T	40	29	35	7897	7876	36	0.994459	7941	0	TRUE	cds-QHD43416.1	AAC	N	AAT	N
MN908947.3	25624	C	T	4	1	37	516	4	36	0.992308	520	1.06565e-302	TRUE	cds-QHD43417.1	CAC	H	TAC	Y
MN908947.3	28881	G	A	31	23	36	7910	7901	36	0.995595	7945	0	TRUE	cds-QHD43423.2	AGG	R	AAG	K
MN908947.3	28882	G	A	20	14	35	7779	7768	35	0.996413	7807	0	TRUE	cds-QHD43423.2	AGG	R	AGA	R
MN908947.3	28883	G	C	7	0	33	7935	7923	36	0.99849	7947	0	TRUE	cds-QHD43423.2	GGA	G	CGA	R
