REGION	POS	REF	ALT	REF_DP	REF_RV	REF_QUAL	ALT_DP	ALT_RV	ALT_QUAL	ALT_FREQ	TOTAL_DP	PVAL	PASS	GFF_FEATURE	REF_CODON	REF_AA	ALT_CODON	ALT_AA
MN908947.3	241	C	T	5	0	36	2907	0	36	0.998283	2912	0	TRUE	NA	NA	NA	NA	NA
MN908947.3	733	T	C	5	2	36	411	155	36	0.987981	416	9.01314e-240	TRUE	cds-QHD43415.1	GAT	D	GAC	D
MN908947.3	2596	A	G	3	0	37	1611	12	36	0.998141	1614	0	TRUE	cds-QHD43415.1	CCA	P	CCG	P
MN908947.3	2749	C	T	1269	45	36	6626	6613	35	0.838628	7901	0	TRUE	cds-QHD43415.1	GAC	D	GAT	D
MN908947.3	3037	C	T	2606	2603	34	5196	4155	36	0.665557	7807	0	TRUE	cds-QHD43415.1	TTC	F	TTT	F
MN908947.3	3828	C	T	42	32	36	7969	7921	36	0.994633	8012	0	TRUE	cds-QHD43415.1	TCA	S	TTA	L
MN908947.3	6319	A	G	41	18	35	7742	3985	35	0.994221	7787	0	TRUE	cds-QHD43415.1	CCA	P	CCG	P
MN908947.3	6613	A	G	85	85	36	7727	7715	36	0.989119	7812	0	TRUE	cds-QHD43415.1	GTA	V	GTG	V
MN908947.3	11291	G	A	30	28	36	7922	7922	36	0.995726	7956	0	TRUE	cds-QHD43415.1	GGT	G	AGT	S
MN908947.3	11296	T	G	78	77	35	7819	7819	35	0.988996	7906	0	TRUE	cds-QHD43415.1	TTT	F	TTG	L
MN908947.3	13860	C	T	187	167	34	3620	13	36	0.949882	3811	0	TRUE	cds-QHD43415.1	GAC	D	GAT	D
MN908947.3	14408	C	T	26	26	36	7848	7813	35	0.99556	7883	0	TRUE	cds-QHD43415.1	CCT	P	CTT	L
MN908947.3	17259	G	T	7	0	37	1088	154	36	0.990893	1098	0	TRUE	cds-QHD43415.1	GAG	E	GAT	D
MN908947.3	21621	C	A	30	1	36	2810	1	36	0.987004	2847	0	TRUE	cds-QHD43416.1	ACC	T	AAC	N
MN908947.3	21638	C	T	16	2	62	3260	524	58	0.990881	3290	0	TRUE	cds-QHD43416.1	CCT	P	TCT	S
MN908947.3	21974	G	T	4	1	36	4094	6	36	0.997806	4103	0	TRUE	cds-QHD43416.1	GAT	D	TAT	Y
MN908947.3	22132	G	T	17	9	36	4443	4435	36	0.992627	4476	0	TRUE	cds-QHD43416.1	AGG	R	AGT	S
MN908947.3	23063	A	T	27	0	37	4250	19	36	0.992063	4284	0	TRUE	cds-QHD43416.1	AAT	N	TAT	Y
MN908947.3	23403	A	G	11	11	36	7940	7922	36	0.998365	7953	0	TRUE	cds-QHD43416.1	GAT	D	GGT	G
MN908947.3	23525	C	T	76	76	36	7888	7844	36	0.989463	7972	0	TRUE	cds-QHD43416.1	CAT	H	TAT	Y
MN908947.3	26028	C	T	116	103	35	7646	7639	34	0.984548	7766	0	TRUE	cds-QHD43417.1	TAC	Y	TAT	Y
MN908947.3	26149	T	C	31	31	35	7893	7887	35	0.996088	7924	0	TRUE	cds-QHD43417.1	TCC	S	CCC	P
MN908947.3	28167	G	A	54	54	33	7917	7903	36	0.992478	7977	0	TRUE	cds-QHD43422.1	GAA	E	AAA	K
