REGION	POS	REF	ALT	REF_DP	REF_RV	REF_QUAL	ALT_DP	ALT_RV	ALT_QUAL	ALT_FREQ	TOTAL_DP	PVAL	PASS	GFF_FEATURE	REF_CODON	REF_AA	ALT_CODON	ALT_AA
MN908947.3	241	C	T	2	0	29	2672	0	36	0.999252	2674	0	TRUE	NA	NA	NA	NA	NA
MN908947.3	2475	A	G	8	0	35	2882	23	36	0.996887	2891	0	TRUE	cds-QHD43415.1	AAA	K	AGA	R
MN908947.3	3037	C	T	1093	1081	34	6803	3343	36	0.860812	7903	0	TRUE	cds-QHD43415.1	TTC	F	TTT	F
MN908947.3	4285	G	T	5	3	34	7981	2461	36	0.998749	7991	0	TRUE	cds-QHD43415.1	GAG	E	GAT	D
MN908947.3	10029	C	T	7	7	36	4701	4701	34	0.998513	4708	0	TRUE	cds-QHD43415.1	ACC	T	ATC	I
MN908947.3	14408	C	T	10	5	36	7849	4370	35	0.997839	7866	0	TRUE	cds-QHD43415.1	CCT	P	CTT	L
MN908947.3	15738	C	T	588	545	33	3872	1	36	0.865832	4472	0	TRUE	cds-QHD43415.1	TTC	F	TTT	F
MN908947.3	23403	A	G	5	5	37	7964	7955	36	0.999247	7970	0	TRUE	cds-QHD43416.1	GAT	D	GGT	G
MN908947.3	27299	T	C	124	0	35	3484	1	35	0.965364	3609	0	TRUE	cds-QHD43420.1	ATA	I	ACA	T
MN908947.3	28881	G	A	328	158	35	2711	2710	36	0.891483	3041	0	TRUE	cds-QHD43423.2	AGG	R	AAG	K
MN908947.3	28882	G	A	167	2	33	2813	2808	35	0.94301	2983	0	TRUE	cds-QHD43423.2	AGG	R	AGA	R
MN908947.3	28883	G	C	169	0	34	2875	2869	35	0.944171	3045	0	TRUE	cds-QHD43423.2	GGA	G	CGA	R
MN908947.3	29148	T	C	305	304	34	1891	1883	34	0.860719	2197	0	TRUE	cds-QHD43423.2	ATC	I	ACC	T
MN908947.3	29700	A	G	312	7	35	2099	25	35	0.869872	2413	0	TRUE	NA	NA	NA	NA	NA
MN908947.3	29743	C	T	13	1	36	5856	378	35	0.997785	5869	0	TRUE	NA	NA	NA	NA	NA
MN908947.3	29750	C	T	10	0	37	6004	486	36	0.998005	6016	0	TRUE	NA	NA	NA	NA	NA
