REGION	POS	REF	ALT	REF_DP	REF_RV	REF_QUAL	ALT_DP	ALT_RV	ALT_QUAL	ALT_FREQ	TOTAL_DP	PVAL	PASS	GFF_FEATURE	REF_CODON	REF_AA	ALT_CODON	ALT_AA
MN908947.3	241	C	T	17	0	36	3322	10	36	0.993718	3343	0	TRUE	NA	NA	NA	NA	NA
MN908947.3	2647	A	G	2526	2512	36	5477	5442	36	0.683856	8009	0	TRUE	cds-QHD43415.1	AAA	K	AAG	K
MN908947.3	3037	C	T	2592	2592	35	5212	5178	36	0.667179	7812	0	TRUE	cds-QHD43415.1	TTC	F	TTT	F
MN908947.3	3787	C	T	12	0	34	132	45	35	0.910345	145	5.85712e-70	TRUE	cds-QHD43415.1	TAC	Y	TAT	Y
MN908947.3	5365	C	T	20	18	36	7831	7742	36	0.996437	7859	0	TRUE	cds-QHD43415.1	TAC	Y	TAT	Y
MN908947.3	8137	G	T	3	3	31	7931	7822	36	0.997234	7953	0	TRUE	cds-QHD43415.1	GTG	V	GTT	V
MN908947.3	10450	C	T	1334	1293	35	6574	44	36	0.83089	7912	0	TRUE	cds-QHD43415.1	CCC	P	CCT	P
MN908947.3	12121	A	T	11	11	34	2183	2153	35	0.989126	2207	0	TRUE	cds-QHD43415.1	CCA	P	CCT	P
MN908947.3	14408	C	T	35	35	36	7790	7765	35	0.99413	7836	0	TRUE	cds-QHD43415.1	CCT	P	CTT	L
MN908947.3	23403	A	G	7	7	36	7940	7833	36	0.998868	7949	0	TRUE	cds-QHD43416.1	GAT	D	GGT	G
MN908947.3	27299	T	C	6	2	36	295	61	35	0.976821	302	3.73067e-170	TRUE	cds-QHD43420.1	ATA	I	ACA	T
MN908947.3	28881	G	A	48	41	35	7892	7876	36	0.993329	7945	0	TRUE	cds-QHD43423.2	AGG	R	AAG	K
MN908947.3	28882	G	A	36	26	34	7758	7739	35	0.993978	7805	0	TRUE	cds-QHD43423.2	AGG	R	AGA	R
MN908947.3	28883	G	C	11	3	34	7930	7910	36	0.996983	7954	0	TRUE	cds-QHD43423.2	GGA	G	CGA	R
MN908947.3	29148	T	C	33	29	35	7769	7748	35	0.995388	7805	0	TRUE	cds-QHD43423.2	ATC	I	ACC	T
