REGION	POS	REF	ALT	REF_DP	REF_RV	REF_QUAL	ALT_DP	ALT_RV	ALT_QUAL	ALT_FREQ	TOTAL_DP	PVAL	PASS	GFF_FEATURE	REF_CODON	REF_AA	ALT_CODON	ALT_AA
MN908947.3	222	C	T	4	0	37	3081	0	36	0.998703	3085	0	TRUE	NA	NA	NA	NA	NA
MN908947.3	241	C	T	7	0	34	3084	0	36	0.997413	3092	0	TRUE	NA	NA	NA	NA	NA
MN908947.3	2334	C	T	738	5	37	1973	13	36	0.727239	2713	0	TRUE	cds-QHD43415.1	GCT	A	GTT	V
MN908947.3	3037	C	T	1743	1735	35	6112	3527	36	0.777608	7860	0	TRUE	cds-QHD43415.1	TTC	F	TTT	F
MN908947.3	5365	C	T	14	8	36	7931	4695	36	0.998112	7946	0	TRUE	cds-QHD43415.1	TAC	Y	TAT	Y
MN908947.3	8137	G	T	5	5	33	3965	3929	35	0.996231	3980	0	TRUE	cds-QHD43415.1	GTG	V	GTT	V
MN908947.3	14323	C	T	33	0	35	3617	0	36	0.990959	3650	0	TRUE	cds-QHD43415.1	CAC	H	TAC	Y
MN908947.3	14408	C	T	17	10	36	7890	3799	36	0.997219	7912	0	TRUE	cds-QHD43415.1	CCT	P	CTT	L
MN908947.3	22195	T	C	65	64	36	4228	4153	35	0.984859	4293	0	TRUE	cds-QHD43416.1	AAT	N	AAC	N
MN908947.3	23403	A	G	5	5	37	7958	7951	36	0.999372	7963	0	TRUE	cds-QHD43416.1	GAT	D	GGT	G
MN908947.3	27299	T	C	32	1	36	2114	35	35	0.98463	2147	0	TRUE	cds-QHD43420.1	ATA	I	ACA	T
MN908947.3	28881	G	A	279	272	36	7674	7664	36	0.964676	7955	0	TRUE	cds-QHD43423.2	AGG	R	AAG	K
MN908947.3	28882	G	A	18	12	36	7757	7745	35	0.996916	7781	0	TRUE	cds-QHD43423.2	AGG	R	AGA	R
MN908947.3	28883	G	C	8	1	33	7916	7903	36	0.997983	7932	0	TRUE	cds-QHD43423.2	GGA	G	CGA	R
MN908947.3	29148	T	C	433	428	34	7336	7224	34	0.943294	7777	0	TRUE	cds-QHD43423.2	ATC	I	ACC	T
