REGION	POS	REF	ALT	REF_DP	REF_RV	REF_QUAL	ALT_DP	ALT_RV	ALT_QUAL	ALT_FREQ	TOTAL_DP	PVAL	PASS	GFF_FEATURE	REF_CODON	REF_AA	ALT_CODON	ALT_AA
MN908947.3	241	C	T	12	0	35	5156	1	36	0.997099	5171	0	TRUE	NA	NA	NA	NA	NA
MN908947.3	2395	C	T	922	13	36	7063	7047	36	0.884534	7985	0	TRUE	cds-QHD43415.1	GTC	V	GTT	V
MN908947.3	2597	T	C	1	0	25	423	22	36	0.992958	426	2.08377e-252	TRUE	cds-QHD43415.1	TTG	L	CTG	L
MN908947.3	3037	C	T	2791	2790	35	5053	5027	36	0.64353	7852	0	TRUE	cds-QHD43415.1	TTC	F	TTT	F
MN908947.3	5572	G	A	364	341	35	7557	7491	36	0.953685	7924	0	TRUE	cds-QHD43415.1	ATG	M	ATA	I
MN908947.3	7420	C	T	5	5	37	768	725	35	0.989691	776	0	TRUE	cds-QHD43415.1	ATC	I	ATT	I
MN908947.3	8947	C	T	97	87	35	5179	5113	36	0.978277	5294	0	TRUE	cds-QHD43415.1	AAC	N	AAT	N
MN908947.3	9803	C	T	19	19	36	7962	7958	36	0.99662	7989	0	TRUE	cds-QHD43415.1	CTG	L	TTG	L
MN908947.3	12100	C	T	90	6	36	7285	149	36	0.986994	7381	0	TRUE	cds-QHD43415.1	GCC	A	GCT	A
MN908947.3	14408	C	T	25	24	35	7861	7839	35	0.996072	7892	0	TRUE	cds-QHD43415.1	CCT	P	CTT	L
MN908947.3	17014	G	T	1372	1362	33	2198	96	36	0.614997	3574	0	TRUE	cds-QHD43415.1	GAT	D	TAT	Y
MN908947.3	21600	G	T	463	453	34	4135	24	36	0.896769	4611	0	TRUE	cds-QHD43416.1	AGT	S	ATT	I
MN908947.3	22018	G	T	18	17	35	5640	5629	36	0.995411	5666	0	TRUE	cds-QHD43416.1	TGG	W	TGT	C
MN908947.3	22917	T	G	2	0	36	7828	4328	35	0.998087	7843	0	TRUE	cds-QHD43416.1	CTG	L	CGG	R
MN908947.3	23403	A	G	5	5	36	7957	7928	36	0.999372	7962	0	TRUE	cds-QHD43416.1	GAT	D	GGT	G
MN908947.3	25563	G	T	37	22	48	6455	4801	44	0.992161	6506	0	TRUE	cds-QHD43417.1	CAG	Q	CAT	H
MN908947.3	26681	C	T	5	1	36	3145	56	36	0.998096	3151	0	TRUE	cds-QHD43419.1	TTC	F	TTT	F
MN908947.3	28272	A	T	2	0	37	171	3	35	0.971591	176	4.39692e-101	TRUE	NA	NA	NA	NA	NA
MN908947.3	28887	C	T	1093	25	35	5877	5860	36	0.84246	6976	0	TRUE	cds-QHD43423.2	ACT	T	ATT	I
MN908947.3	29362	C	T	83	63	35	3755	3447	34	0.975071	3851	0	TRUE	cds-QHD43423.2	TTC	F	TTT	F
