REGION	POS	REF	ALT	REF_DP	REF_RV	REF_QUAL	ALT_DP	ALT_RV	ALT_QUAL	ALT_FREQ	TOTAL_DP	PVAL	PASS	GFF_FEATURE	REF_CODON	REF_AA	ALT_CODON	ALT_AA
MN908947.3	241	C	T	6	0	36	2373	1	36	0.99664	2381	0	TRUE	NA	NA	NA	NA	NA
MN908947.3	3037	C	T	2162	2151	35	5626	4142	36	0.721005	7803	0	TRUE	cds-QHD43415.1	TTC	F	TTT	F
MN908947.3	11291	G	A	1688	871	52	5493	5492	36	0.764403	7186	0	TRUE	cds-QHD43415.1	GGT	G	AGT	S
MN908947.3	11296	T	G	1625	1615	35	5464	5464	35	0.770446	7092	0	TRUE	cds-QHD43415.1	TTT	F	TTG	L
MN908947.3	14408	C	T	17	10	35	7828	4545	35	0.996309	7857	0	TRUE	cds-QHD43415.1	CCT	P	CTT	L
MN908947.3	23063	A	T	1195	2	36	2126	13	36	0.639206	3326	0	TRUE	cds-QHD43416.1	AAT	N	TAT	Y
MN908947.3	23403	A	G	5	5	37	7950	7933	36	0.999371	7955	0	TRUE	cds-QHD43416.1	GAT	D	GGT	G
MN908947.3	23525	C	T	2411	2404	36	5570	5543	36	0.697471	7986	0	TRUE	cds-QHD43416.1	CAT	H	TAT	Y
MN908947.3	28311	C	T	184	178	35	7308	7305	33	0.97427	7501	0	TRUE	cds-QHD43423.2	CCC	P	CTC	L
MN908947.3	28361	G	-GAGAACGCA	7966	7947	36	7152	0	20	0.889663	8039	0	TRUE	NA	NA	NA	NA	NA
MN908947.3	28881	G	A	344	13	34	1488	1480	36	0.810016	1837	0	TRUE	cds-QHD43423.2	AGG	R	AAG	K
MN908947.3	28882	G	A	322	4	33	1479	1467	35	0.819845	1804	0	TRUE	cds-QHD43423.2	AGG	R	AGA	R
MN908947.3	28883	G	C	325	0	34	1514	1501	36	0.822826	1840	0	TRUE	cds-QHD43423.2	GGA	G	CGA	R
MN908947.3	29733	C	-GAGGCCACGCGGAGTACGATCGAGTG	7277	5978	35	6593	0	20	0.897617	7345	0	TRUE	NA	NA	NA	NA	NA
