REGION	POS	REF	ALT	REF_DP	REF_RV	REF_QUAL	ALT_DP	ALT_RV	ALT_QUAL	ALT_FREQ	TOTAL_DP	PVAL	PASS	GFF_FEATURE	REF_CODON	REF_AA	ALT_CODON	ALT_AA
MN908947.3	241	C	T	3	0	36	2963	0	36	0.998989	2966	0	TRUE	NA	NA	NA	NA	NA
MN908947.3	885	G	A	28	21	36	7949	7936	36	0.996365	7978	0	TRUE	cds-QHD43415.1	CGT	R	CAT	H
MN908947.3	2475	A	G	9	0	36	1956	37	36	0.99542	1965	0	TRUE	cds-QHD43415.1	AAA	K	AGA	R
MN908947.3	3037	C	T	1437	1422	34	6461	3939	36	0.817538	7903	0	TRUE	cds-QHD43415.1	TTC	F	TTT	F
MN908947.3	3068	G	T	217	216	36	5261	5260	36	0.959861	5481	0	TRUE	cds-QHD43415.1	GAT	D	TAT	Y
MN908947.3	9559	C	T	1982	16	35	5940	5907	36	0.747734	7944	0	TRUE	cds-QHD43415.1	TAC	Y	TAT	Y
MN908947.3	14408	C	T	12	8	36	7829	4686	35	0.997579	7848	0	TRUE	cds-QHD43415.1	CCT	P	CTT	L
MN908947.3	23191	C	T	5	5	37	7949	7946	36	0.998618	7960	0	TRUE	cds-QHD43416.1	TTC	F	TTT	F
MN908947.3	23403	A	G	5	5	35	7961	7956	36	0.999372	7966	0	TRUE	cds-QHD43416.1	GAT	D	GGT	G
MN908947.3	26058	C	T	3	3	34	7621	7604	34	0.999213	7627	0	TRUE	cds-QHD43417.1	GAC	D	GAT	D
MN908947.3	26873	C	T	1118	1	36	2220	2167	36	0.664472	3341	0	TRUE	cds-QHD43419.1	AAC	N	AAT	N
MN908947.3	27299	T	C	114	1	36	3459	6	35	0.967823	3574	0	TRUE	cds-QHD43420.1	ATA	I	ACA	T
MN908947.3	27679	C	T	23	0	36	1037	7	35	0.978302	1060	0	TRUE	cds-QHD43421.1	CTT	L	TTT	F
MN908947.3	28881	G	A	405	221	35	3011	3011	36	0.880925	3418	0	TRUE	cds-QHD43423.2	AGG	R	AAG	K
MN908947.3	28882	G	A	174	4	33	3160	3151	35	0.946391	3339	0	TRUE	cds-QHD43423.2	AGG	R	AGA	R
MN908947.3	28883	G	C	177	0	34	3255	3246	36	0.94815	3433	0	TRUE	cds-QHD43423.2	GGA	G	CGA	R
MN908947.3	29148	T	C	340	339	34	2330	2320	34	0.87168	2673	0	TRUE	cds-QHD43423.2	ATC	I	ACC	T
