REGION	POS	REF	ALT	REF_DP	REF_RV	REF_QUAL	ALT_DP	ALT_RV	ALT_QUAL	ALT_FREQ	TOTAL_DP	PVAL	PASS	GFF_FEATURE	REF_CODON	REF_AA	ALT_CODON	ALT_AA
MN908947.3	241	C	T	8	0	36	4063	1	36	0.998035	4071	0	TRUE	NA	NA	NA	NA	NA
MN908947.3	1616	C	T	2378	2354	35	5548	198	35	0.699886	7927	0	TRUE	cds-QHD43415.1	CTT	L	TTT	F
MN908947.3	2475	A	G	2	0	37	1887	42	36	0.998941	1889	0	TRUE	cds-QHD43415.1	AAA	K	AGA	R
MN908947.3	2519	T	C	1219	39	35	6674	6638	35	0.845559	7893	0	TRUE	cds-QHD43415.1	TTA	L	CTA	L
MN908947.3	3037	C	T	2173	2168	35	5708	5052	35	0.723906	7885	0	TRUE	cds-QHD43415.1	TTC	F	TTT	F
MN908947.3	4201	G	T	501	497	35	6786	454	35	0.928953	7305	0	TRUE	cds-QHD43415.1	ATG	M	ATT	I
MN908947.3	7042	G	T	180	0	36	4876	0	35	0.963065	5063	0	TRUE	cds-QHD43415.1	ATG	M	ATT	I
MN908947.3	11062	A	G	184	5	36	4602	185	36	0.95975	4795	0	TRUE	cds-QHD43415.1	CAA	Q	CAG	Q
MN908947.3	13743	C	T	1669	1596	34	6196	39	35	0.787594	7867	0	TRUE	cds-QHD43415.1	TTC	F	TTT	F
MN908947.3	14408	C	T	12	11	35	7831	7231	35	0.997961	7847	0	TRUE	cds-QHD43415.1	CCT	P	CTT	L
MN908947.3	23403	A	G	12	12	36	7947	7941	36	0.998492	7959	0	TRUE	cds-QHD43416.1	GAT	D	GGT	G
MN908947.3	25647	G	A	6	0	32	5873	3	35	0.997622	5887	0	TRUE	cds-QHD43417.1	TTG	L	TTA	L
MN908947.3	26388	C	T	643	40	36	7332	7329	36	0.919373	7975	0	TRUE	cds-QHD43418.1	AAC	N	AAT	N
MN908947.3	27299	T	C	136	2	36	3328	59	35	0.960739	3464	0	TRUE	cds-QHD43420.1	ATA	I	ACA	T
MN908947.3	28214	C	+T	7736	7726	34	7363	0	20	0.918423	8017	0	TRUE	NA	NA	NA	NA	NA
MN908947.3	28881	G	A	1149	406	35	6236	6233	36	0.843501	7393	0	TRUE	cds-QHD43423.2	AGG	R	AAG	K
MN908947.3	28882	G	A	723	14	33	6462	6442	34	0.898623	7191	0	TRUE	cds-QHD43423.2	AGG	R	AGA	R
MN908947.3	28883	G	C	733	5	34	6664	6640	35	0.899932	7405	0	TRUE	cds-QHD43423.2	GGA	G	CGA	R
MN908947.3	29148	T	C	763	741	33	5018	4877	34	0.867866	5782	0	TRUE	cds-QHD43423.2	ATC	I	ACC	T
MN908947.3	29272	C	T	24	12	36	7816	6034	36	0.996685	7842	0	TRUE	cds-QHD43423.2	TAC	Y	TAT	Y
MN908947.3	29743	C	T	14	0	37	7782	152	35	0.998076	7797	0	TRUE	NA	NA	NA	NA	NA
MN908947.3	29750	C	T	18	1	36	7889	234	36	0.997597	7908	0	TRUE	NA	NA	NA	NA	NA
