REGION	POS	REF	ALT	REF_DP	REF_RV	REF_QUAL	ALT_DP	ALT_RV	ALT_QUAL	ALT_FREQ	TOTAL_DP	PVAL	PASS	GFF_FEATURE	REF_CODON	REF_AA	ALT_CODON	ALT_AA
MN908947.3	241	C	T	15	0	35	4569	1	36	0.99651	4585	0	TRUE	NA	NA	NA	NA	NA
MN908947.3	3037	C	T	2672	2662	34	5106	5001	36	0.656214	7781	0	TRUE	cds-QHD43415.1	TTC	F	TTT	F
MN908947.3	4285	G	T	178	177	36	7810	7771	36	0.975518	8006	0	TRUE	cds-QHD43415.1	GAG	E	GAT	D
MN908947.3	7798	G	A	171	144	36	7666	7651	36	0.977931	7839	0	TRUE	cds-QHD43415.1	AAG	K	AAA	K
MN908947.3	10029	C	T	181	181	36	7684	7672	35	0.97649	7869	0	TRUE	cds-QHD43415.1	ACC	T	ATC	I
MN908947.3	14408	C	T	29	27	36	7837	7557	35	0.995175	7875	0	TRUE	cds-QHD43415.1	CCT	P	CTT	L
MN908947.3	23403	A	G	9	9	36	7956	7913	36	0.998619	7967	0	TRUE	cds-QHD43416.1	GAT	D	GGT	G
MN908947.3	24172	T	A	145	129	36	7867	7847	36	0.979579	8031	0	TRUE	cds-QHD43416.1	ATT	I	ATA	I
MN908947.3	25010	G	A	110	59	47	5761	3359	49	0.980262	5877	0	TRUE	cds-QHD43416.1	GAG	E	AAG	K
MN908947.3	25593	G	C	1035	119	35	6819	6722	35	0.866565	7869	0	TRUE	cds-QHD43417.1	AAG	K	AAC	N
MN908947.3	27299	T	C	31	10	36	1430	21	35	0.978112	1462	0	TRUE	cds-QHD43420.1	ATA	I	ACA	T
MN908947.3	28881	G	A	100	51	37	7850	7803	36	0.987297	7951	0	TRUE	cds-QHD43423.2	AGG	R	AAG	K
MN908947.3	28882	G	A	32	21	34	7796	7711	35	0.994388	7840	0	TRUE	cds-QHD43423.2	AGG	R	AGA	R
MN908947.3	28883	G	C	11	1	33	7925	7836	36	0.997232	7947	0	TRUE	cds-QHD43423.2	GGA	G	CGA	R
MN908947.3	29148	T	C	229	206	34	6701	6691	34	0.966119	6936	0	TRUE	cds-QHD43423.2	ATC	I	ACC	T
MN908947.3	29743	C	T	309	0	36	7597	18	36	0.960066	7913	0	TRUE	NA	NA	NA	NA	NA
MN908947.3	29750	C	T	304	3	36	7667	38	36	0.9615	7974	0	TRUE	NA	NA	NA	NA	NA
