REGION	POS	REF	ALT	REF_DP	REF_RV	REF_QUAL	ALT_DP	ALT_RV	ALT_QUAL	ALT_FREQ	TOTAL_DP	PVAL	PASS	GFF_FEATURE	REF_CODON	REF_AA	ALT_CODON	ALT_AA
MN908947.3	241	C	T	2	0	32	1245	0	36	0.998396	1247	0	TRUE	NA	NA	NA	NA	NA
MN908947.3	3037	C	T	2479	2479	35	5427	5407	36	0.685314	7919	0	TRUE	cds-QHD43415.1	TTC	F	TTT	F
MN908947.3	3602	C	T	15	14	34	8007	7977	36	0.997508	8027	0	TRUE	cds-QHD43415.1	CAC	H	TAC	Y
MN908947.3	6312	C	T	9	5	33	7948	4859	36	0.998367	7961	0	TRUE	cds-QHD43415.1	ACA	T	ATA	I
MN908947.3	6728	A	C	38	38	36	6939	6929	35	0.994269	6979	0	TRUE	cds-QHD43415.1	AAC	N	CAC	H
MN908947.3	14408	C	T	19	19	35	7838	7154	35	0.997074	7861	0	TRUE	cds-QHD43415.1	CCT	P	CTT	L
MN908947.3	22334	T	C	85	73	36	7777	7773	34	0.988937	7864	0	TRUE	cds-QHD43416.1	TGG	W	CGG	R
MN908947.3	23403	A	G	6	6	34	7948	7934	36	0.998994	7956	0	TRUE	cds-QHD43416.1	GAT	D	GGT	G
MN908947.3	26681	C	T	14	0	36	5891	30	36	0.99746	5906	0	TRUE	cds-QHD43419.1	TTC	F	TTT	F
MN908947.3	28077	G	C	38	25	36	7949	7938	36	0.994744	7991	0	TRUE	cds-QHD43422.1	GTG	V	CTG	L
MN908947.3	28881	G	A	1122	164	34	6556	6552	36	0.853535	7681	0	TRUE	cds-QHD43423.2	AGG	R	AAG	K
MN908947.3	28882	G	A	959	13	33	6556	6540	35	0.871345	7524	0	TRUE	cds-QHD43423.2	AGG	R	AGA	R
MN908947.3	28883	G	C	948	1	34	6716	6699	35	0.875505	7671	0	TRUE	cds-QHD43423.2	GGA	G	CGA	R
