REGION	POS	REF	ALT	REF_DP	REF_RV	REF_QUAL	ALT_DP	ALT_RV	ALT_QUAL	ALT_FREQ	TOTAL_DP	PVAL	PASS	GFF_FEATURE	REF_CODON	REF_AA	ALT_CODON	ALT_AA
MN908947.3	3037	C	T	219	192	39	550	360	35	0.714286	770	3.04473e-242	TRUE	cds-QHD43415.1	TTC	F	TTT	F
MN908947.3	6070	C	T	204	57	35	7055	24	36	0.962614	7329	0	TRUE	cds-QHD43415.1	ATC	I	ATT	I
MN908947.3	7906	A	G	322	161	37	5798	23	39	0.942151	6154	0	TRUE	cds-QHD43415.1	TCA	S	TCG	S
MN908947.3	10646	A	T	177	15	64	371	4	72	0.673321	551	5.03675e-228	TRUE	cds-QHD43415.1	ACA	T	TCA	S
MN908947.3	13083	C	G	386	2	35	7569	7	36	0.94921	7974	0	TRUE	cds-QHD43415.1	GCT	A	GGT	G
MN908947.3	14408	C	T	0	0	0	240	99	35	1	240	4.40941e-144	TRUE	cds-QHD43415.1	CCT	P	CTT	L
MN908947.3	16535	G	C	476	120	37	6587	18	35	0.923973	7129	0	TRUE	cds-QHD43415.1	AGC	S	ACC	T
MN908947.3	19291	A	T	20	20	36	70	57	43	0.679612	103	4.9034e-40	TRUE	cds-QHD43415.1	AGT	S	TGT	C
MN908947.3	19323	A	C	93	22	35	163	3	36	0.626923	260	7.69802e-68	TRUE	cds-QHD43415.1	ACA	T	ACC	T
MN908947.3	19542	G	T	669	26	58	3949	31	63	0.853838	4625	0	TRUE	cds-QHD43415.1	ATG	M	ATT	I
MN908947.3	19547	C	A	157	27	47	3914	30	62	0.952543	4109	0	TRUE	cds-QHD43415.1	TCA	S	TAA	*
MN908947.3	19658	G	C	52	17	51	1372	23	72	0.957432	1433	0	TRUE	cds-QHD43415.1	GGA	G	GCA	A
MN908947.3	19900	G	C	190	110	37	685	2	73	0.775764	883	0	TRUE	cds-QHD43415.1	GCA	A	CCA	P
MN908947.3	20031	C	T	159	101	43	269	0	36	0.625581	430	2.8687e-115	TRUE	cds-QHD43415.1	GCC	A	GCT	A
MN908947.3	20823	C	-A	102	12	64	151	0	20	0.825137	183	1.60901e-46	TRUE	NA	NA	NA	NA	NA
MN908947.3	22334	T	C	197	28	36	397	396	35	0.66835	594	8.70257e-167	TRUE	cds-QHD43416.1	TGG	W	CGG	R
MN908947.3	23525	C	T	15	4	53	80	37	36	0.8	100	1.47609e-41	TRUE	cds-QHD43416.1	CAT	H	TAT	Y
MN908947.3	25584	C	T	22	7	35	503	503	35	0.954459	527	5.18871e-279	TRUE	cds-QHD43417.1	ACC	T	ACT	T
MN908947.3	25829	T	A	196	120	41	526	3	72	0.724518	726	0	TRUE	cds-QHD43417.1	TTT	F	TAT	Y
MN908947.3	26709	G	A	16	9	34	95	47	35	0.855856	111	1.30035e-46	TRUE	cds-QHD43419.1	GCT	A	ACT	T
MN908947.3	28881	G	A	40	0	33	154	154	36	0.793814	194	1.81502e-71	TRUE	cds-QHD43423.2	AGG	R	AAG	K
MN908947.3	28882	G	A	41	1	33	154	152	35	0.789744	195	5.2411e-71	TRUE	cds-QHD43423.2	AGG	R	AGA	R
MN908947.3	28883	G	C	41	0	34	157	155	36	0.792929	198	6.55124e-72	TRUE	cds-QHD43423.2	GGA	G	CGA	R
MN908947.3	29622	A	C	712	703	36	1310	6	67	0.643103	2037	0	TRUE	cds-QHI42199.1	AAT	N	ACT	T
