REGION	POS	REF	ALT	REF_DP	REF_RV	REF_QUAL	ALT_DP	ALT_RV	ALT_QUAL	ALT_FREQ	TOTAL_DP	PVAL	PASS	GFF_FEATURE	REF_CODON	REF_AA	ALT_CODON	ALT_AA
MN908947.3	241	C	T	0	0	0	558	0	36	1	558	0	TRUE	NA	NA	NA	NA	NA
MN908947.3	2475	A	G	6	2	37	2993	19	36	0.997667	3000	0	TRUE	cds-QHD43415.1	AAA	K	AGA	R
MN908947.3	3037	C	T	1801	1790	35	6068	2159	36	0.77054	7875	0	TRUE	cds-QHD43415.1	TTC	F	TTT	F
MN908947.3	7936	G	T	445	441	35	2249	16	36	0.832346	2702	0	TRUE	cds-QHD43415.1	GCG	A	GCT	A
MN908947.3	14408	C	T	19	7	35	7818	3476	35	0.997067	7841	0	TRUE	cds-QHD43415.1	CCT	P	CTT	L
MN908947.3	16899	T	C	2833	2817	36	5113	35	36	0.643064	7951	0	TRUE	cds-QHD43415.1	GTT	V	GTC	V
MN908947.3	18377	C	T	1182	36	35	3214	3179	36	0.730621	4399	0	TRUE	cds-QHD43415.1	ACA	T	ATA	I
MN908947.3	19955	C	T	12	0	37	4321	0	36	0.99677	4335	0	TRUE	cds-QHD43415.1	ACT	T	ATT	I
MN908947.3	23255	T	C	1486	1478	36	4290	21	36	0.742729	5776	0	TRUE	cds-QHD43416.1	TTT	F	CTT	L
MN908947.3	23403	A	G	7	7	37	6778	6769	36	0.998821	6786	0	TRUE	cds-QHD43416.1	GAT	D	GGT	G
MN908947.3	27299	T	C	16	0	36	4306	7	36	0.996068	4323	0	TRUE	cds-QHD43420.1	ATA	I	ACA	T
MN908947.3	28881	G	A	299	9	34	2417	2413	36	0.889257	2718	0	TRUE	cds-QHD43423.2	AGG	R	AAG	K
MN908947.3	28882	G	A	282	4	33	2373	2364	35	0.893113	2657	0	TRUE	cds-QHD43423.2	AGG	R	AGA	R
MN908947.3	28883	G	C	278	0	33	2434	2425	36	0.895511	2718	0	TRUE	cds-QHD43423.2	GGA	G	CGA	R
MN908947.3	29148	T	C	15	13	36	1500	1477	34	0.988794	1517	0	TRUE	cds-QHD43423.2	ATC	I	ACC	T
MN908947.3	29503	C	T	10	10	37	2990	2981	35	0.995671	3003	0	TRUE	cds-QHD43423.2	TCC	S	TCT	S
MN908947.3	29743	C	T	18	0	36	3656	155	35	0.994559	3676	0	TRUE	NA	NA	NA	NA	NA
MN908947.3	29815	A	C	361	358	33	4275	4193	35	0.919948	4647	0	TRUE	NA	NA	NA	NA	NA
