REGION	POS	REF	ALT	REF_DP	REF_RV	REF_QUAL	ALT_DP	ALT_RV	ALT_QUAL	ALT_FREQ	TOTAL_DP	PVAL	PASS	GFF_FEATURE	REF_CODON	REF_AA	ALT_CODON	ALT_AA
MN908947.3	241	C	T	8	0	35	3441	1	36	0.997391	3450	0	TRUE	NA	NA	NA	NA	NA
MN908947.3	3037	C	T	2728	2726	34	5130	5086	36	0.65234	7864	0	TRUE	cds-QHD43415.1	TTC	F	TTT	F
MN908947.3	9996	C	T	17	17	36	7949	7940	36	0.996865	7974	0	TRUE	cds-QHD43415.1	TCA	S	TTA	L
MN908947.3	12540	C	T	63	62	36	7934	7929	36	0.992122	7997	0	TRUE	cds-QHD43415.1	GCA	A	GTA	V
MN908947.3	12676	C	T	75	66	33	7395	7375	33	0.988108	7484	0	TRUE	cds-QHD43415.1	GTC	V	GTT	V
MN908947.3	14408	C	T	22	22	36	7854	7836	35	0.995563	7889	0	TRUE	cds-QHD43415.1	CCT	P	CTT	L
MN908947.3	17125	C	T	9	0	36	2726	2	36	0.996709	2735	0	TRUE	cds-QHD43415.1	CTC	L	TTC	F
MN908947.3	18105	G	T	2	2	26	1709	1697	34	0.992451	1722	0	TRUE	cds-QHD43415.1	CAG	Q	CAT	H
MN908947.3	19735	G	T	115	69	35	7824	7809	36	0.984027	7951	0	TRUE	cds-QHD43415.1	GAT	D	TAT	Y
MN908947.3	23403	A	G	2	2	37	7951	7923	36	0.999623	7954	0	TRUE	cds-QHD43416.1	GAT	D	GGT	G
MN908947.3	25352	G	T	13	0	32	7688	67	35	0.995339	7724	0	TRUE	cds-QHD43416.1	GTG	V	TTG	L
MN908947.3	26060	C	T	28	27	35	7937	7895	36	0.995735	7971	0	TRUE	cds-QHD43417.1	ACT	T	ATT	I
MN908947.3	27299	T	C	15	0	35	3497	40	35	0.995729	3512	0	TRUE	cds-QHD43420.1	ATA	I	ACA	T
MN908947.3	28152	A	G	3	0	37	176	108	34	0.98324	179	2.74018e-102	TRUE	cds-QHD43422.1	ACA	T	GCA	A
MN908947.3	28881	G	A	66	44	35	7878	7857	36	0.990694	7952	0	TRUE	cds-QHD43423.2	AGG	R	AAG	K
MN908947.3	28882	G	A	29	24	35	7745	7705	35	0.995245	7782	0	TRUE	cds-QHD43423.2	AGG	R	AGA	R
MN908947.3	28883	G	C	10	3	34	7947	7908	36	0.998116	7962	0	TRUE	cds-QHD43423.2	GGA	G	CGA	R
MN908947.3	29148	T	C	59	57	34	7767	7722	35	0.991448	7834	0	TRUE	cds-QHD43423.2	ATC	I	ACC	T
