REGION	POS	REF	ALT	REF_DP	REF_RV	REF_QUAL	ALT_DP	ALT_RV	ALT_QUAL	ALT_FREQ	TOTAL_DP	PVAL	PASS	GFF_FEATURE	REF_CODON	REF_AA	ALT_CODON	ALT_AA
MN908947.3	241	C	T	3	0	34	2476	0	36	0.997583	2482	0	TRUE	NA	NA	NA	NA	NA
MN908947.3	3037	C	T	1337	1335	35	6566	5323	36	0.830508	7906	0	TRUE	cds-QHD43415.1	TTC	F	TTT	F
MN908947.3	7424	T	G	31	31	36	4909	4907	35	0.992319	4947	0	TRUE	cds-QHD43415.1	TTT	F	GTT	V
MN908947.3	9857	C	T	121	110	38	6774	5662	41	0.982166	6897	0	TRUE	cds-QHD43415.1	CTA	L	TTA	L
MN908947.3	9867	T	C	184	159	40	6751	5639	41	0.973328	6936	0	TRUE	cds-QHD43415.1	CTT	L	CCT	P
MN908947.3	10029	C	T	13	13	36	7869	7868	35	0.997718	7887	0	TRUE	cds-QHD43415.1	ACC	T	ATC	I
MN908947.3	11020	C	T	2365	2168	36	5605	159	36	0.703262	7970	0	TRUE	cds-QHD43415.1	CTC	L	CTT	L
MN908947.3	11291	G	A	14	12	40	7929	7929	36	0.998237	7943	0	TRUE	cds-QHD43415.1	GGT	G	AGT	S
MN908947.3	11296	T	G	554	554	35	7303	7303	35	0.928898	7862	0	TRUE	cds-QHD43415.1	TTT	F	TTG	L
MN908947.3	14408	C	T	15	15	35	7820	6787	35	0.997576	7839	0	TRUE	cds-QHD43415.1	CCT	P	CTT	L
MN908947.3	21786	G	T	48	2	35	7779	2912	35	0.992093	7841	0	TRUE	cds-QHD43416.1	GGT	G	GTT	V
MN908947.3	21789	C	T	51	6	35	7866	2933	35	0.993433	7918	0	TRUE	cds-QHD43416.1	ACT	T	ATT	I
MN908947.3	22917	T	A	5	0	34	7955	2656	36	0.998118	7970	0	TRUE	cds-QHD43416.1	CTG	L	CAG	Q
MN908947.3	23031	T	C	45	0	36	5127	2	36	0.991299	5172	0	TRUE	cds-QHD43416.1	TTT	F	TCT	S
MN908947.3	23403	A	G	3	3	37	7950	7944	36	0.999497	7954	0	TRUE	cds-QHD43416.1	GAT	D	GGT	G
MN908947.3	24138	C	A	0	0	0	7953	7953	36	0.99887	7962	0	TRUE	cds-QHD43416.1	ACT	T	AAT	N
MN908947.3	26894	C	T	634	587	36	7330	38	36	0.920045	7967	0	TRUE	cds-QHD43419.1	CTC	L	CTT	L
MN908947.3	27294	C	T	209	0	36	4916	5	36	0.958845	5127	0	TRUE	cds-QHD43420.1	TAC	Y	TAT	Y
MN908947.3	28311	C	T	29	24	35	7420	7415	33	0.995973	7450	0	TRUE	cds-QHD43423.2	CCC	P	CTC	L
MN908947.3	28881	G	A	466	326	35	4122	4122	36	0.898039	4590	0	TRUE	cds-QHD43423.2	AGG	R	AAG	K
MN908947.3	28882	G	A	135	7	34	4336	4330	35	0.969372	4473	0	TRUE	cds-QHD43423.2	AGG	R	AGA	R
MN908947.3	28883	G	C	135	1	34	4450	4443	35	0.969922	4588	0	TRUE	cds-QHD43423.2	GGA	G	CGA	R
MN908947.3	28913	G	T	2	1	22	6416	4645	35	0.998133	6428	0	TRUE	cds-QHD43423.2	GGC	G	TGC	C
MN908947.3	29370	C	T	260	256	35	3969	3952	35	0.936085	4240	0	TRUE	cds-QHD43423.2	ACA	T	ATA	I
MN908947.3	29546	C	T	10	8	36	7924	5832	35	0.997482	7944	0	TRUE	NA	NA	NA	NA	NA
