REGION	POS	REF	ALT	REF_DP	REF_RV	REF_QUAL	ALT_DP	ALT_RV	ALT_QUAL	ALT_FREQ	TOTAL_DP	PVAL	PASS	GFF_FEATURE	REF_CODON	REF_AA	ALT_CODON	ALT_AA
MN908947.3	241	C	T	2	0	37	1416	0	36	0.997886	1419	0	TRUE	NA	NA	NA	NA	NA
MN908947.3	2983	C	T	2338	11	35	4485	4380	34	0.65695	6827	0	TRUE	cds-QHD43415.1	TAC	Y	TAT	Y
MN908947.3	3037	C	T	2012	2008	34	5486	3101	35	0.730979	7505	0	TRUE	cds-QHD43415.1	TTC	F	TTT	F
MN908947.3	4002	C	T	13	2	36	691	18	36	0.981534	704	0	TRUE	cds-QHD43415.1	ACT	T	ATT	I
MN908947.3	7424	T	G	7	6	37	4546	4539	35	0.997367	4558	0	TRUE	cds-QHD43415.1	TTT	F	GTT	V
MN908947.3	9857	C	T	17	2	53	4580	283	62	0.996302	4597	0	TRUE	cds-QHD43415.1	CTA	L	TTA	L
MN908947.3	9867	T	C	43	3	58	4610	293	62	0.990546	4654	0	TRUE	cds-QHD43415.1	CTT	L	CCT	P
MN908947.3	9907	C	T	18	5	36	3671	3661	35	0.994312	3692	0	TRUE	cds-QHD43415.1	TAC	Y	TAT	Y
MN908947.3	10029	C	T	0	0	0	728	727	32	1	728	0	TRUE	cds-QHD43415.1	ACC	T	ATC	I
MN908947.3	10097	G	A	19	0	36	6760	0	34	0.996756	6782	0	TRUE	cds-QHD43415.1	GGT	G	AGT	S
MN908947.3	11291	G	A	18	14	43	7934	7934	36	0.997736	7952	0	TRUE	cds-QHD43415.1	GGT	G	AGT	S
MN908947.3	11296	T	G	168	167	35	7729	7729	35	0.977612	7906	0	TRUE	cds-QHD43415.1	TTT	F	TTG	L
MN908947.3	14408	C	T	20	15	36	7884	5622	35	0.996713	7910	0	TRUE	cds-QHD43415.1	CCT	P	CTT	L
MN908947.3	21786	G	T	229	1	36	7620	3186	35	0.969342	7861	0	TRUE	cds-QHD43416.1	GGT	G	GTT	V
MN908947.3	21789	C	T	227	2	36	7705	3203	36	0.971137	7934	0	TRUE	cds-QHD43416.1	ACT	T	ATT	I
MN908947.3	22917	T	A	4	2	31	7955	2442	36	0.998368	7968	0	TRUE	cds-QHD43416.1	CTG	L	CAG	Q
MN908947.3	23031	T	C	23	0	37	5392	0	36	0.995753	5415	0	TRUE	cds-QHD43416.1	TTT	F	TCT	S
MN908947.3	23403	A	G	3	3	33	7965	7955	36	0.999623	7968	0	TRUE	cds-QHD43416.1	GAT	D	GGT	G
MN908947.3	24138	C	A	0	0	0	7942	7942	36	0.997989	7958	0	TRUE	cds-QHD43416.1	ACT	T	AAT	N
MN908947.3	26894	C	T	1306	1289	35	4590	29	36	0.778362	5897	0	TRUE	cds-QHD43419.1	CTC	L	CTT	L
MN908947.3	28311	C	T	15	10	35	7619	7615	34	0.997774	7636	0	TRUE	cds-QHD43423.2	CCC	P	CTC	L
MN908947.3	28881	G	A	504	66	34	3073	3068	36	0.85886	3578	0	TRUE	cds-QHD43423.2	AGG	R	AAG	K
MN908947.3	28882	G	A	431	12	33	3047	3034	35	0.875323	3481	0	TRUE	cds-QHD43423.2	AGG	R	AGA	R
MN908947.3	28883	G	C	429	0	33	3153	3139	36	0.879743	3584	0	TRUE	cds-QHD43423.2	GGA	G	CGA	R
MN908947.3	28913	G	T	0	0	0	5406	3267	35	0.995947	5428	0	TRUE	cds-QHD43423.2	GGC	G	TGC	C
MN908947.3	29370	C	T	93	91	34	5095	5084	35	0.979808	5200	0	TRUE	cds-QHD43423.2	ACA	T	ATA	I
