REGION	POS	REF	ALT	REF_DP	REF_RV	REF_QUAL	ALT_DP	ALT_RV	ALT_QUAL	ALT_FREQ	TOTAL_DP	PVAL	PASS	GFF_FEATURE	REF_CODON	REF_AA	ALT_CODON	ALT_AA
MN908947.3	241	C	T	0	0	0	1200	0	36	0.998336	1202	0	TRUE	NA	NA	NA	NA	NA
MN908947.3	257	A	G	147	146	36	925	911	37	0.862873	1072	0	TRUE	NA	NA	NA	NA	NA
MN908947.3	2031	A	G	575	572	34	2564	2564	35	0.816561	3140	0	TRUE	cds-QHD43415.1	GAT	D	GGT	G
MN908947.3	3037	C	T	1568	1491	35	6288	2646	36	0.799085	7869	0	TRUE	cds-QHD43415.1	TTC	F	TTT	F
MN908947.3	6631	T	C	1151	1151	36	3944	3943	34	0.77303	5102	0	TRUE	cds-QHD43415.1	CTT	L	CTC	L
MN908947.3	7869	C	T	1213	1208	36	5761	5748	36	0.825595	6978	0	TRUE	cds-QHD43415.1	TCA	S	TTA	L
MN908947.3	9893	C	T	924	45	58	3949	173	59	0.810384	4873	0	TRUE	cds-QHD43415.1	CTT	L	TTT	F
MN908947.3	10834	C	T	658	651	33	3487	3484	36	0.840849	4147	0	TRUE	cds-QHD43415.1	GCC	A	GCT	A
MN908947.3	11330	G	A	996	995	36	4698	4694	36	0.824789	5696	0	TRUE	cds-QHD43415.1	GTA	V	ATA	I
MN908947.3	14408	C	T	27	14	35	7838	4078	36	0.995807	7871	0	TRUE	cds-QHD43415.1	CCT	P	CTT	L
MN908947.3	16535	G	C	2268	210	35	5168	7	35	0.682424	7573	0	TRUE	cds-QHD43415.1	AGC	S	ACC	T
MN908947.3	22346	G	T	1297	535	36	6627	3000	36	0.835266	7934	0	TRUE	cds-QHD43416.1	GCT	A	TCT	S
MN908947.3	23403	A	G	3	3	33	5848	5845	36	0.999316	5852	0	TRUE	cds-QHD43416.1	GAT	D	GGT	G
MN908947.3	26963	A	G	846	1	34	2987	5	36	0.77827	3838	0	TRUE	cds-QHD43419.1	GGA	G	GGG	G
MN908947.3	28881	G	A	556	7	34	2610	2606	36	0.823344	3170	0	TRUE	cds-QHD43423.2	AGG	R	AAG	K
MN908947.3	28882	G	A	536	3	33	2581	2572	35	0.827244	3120	0	TRUE	cds-QHD43423.2	AGG	R	AGA	R
MN908947.3	28883	G	C	536	1	34	2629	2617	36	0.829599	3169	0	TRUE	cds-QHD43423.2	GGA	G	CGA	R
