REGION	POS	REF	ALT	REF_DP	REF_RV	REF_QUAL	ALT_DP	ALT_RV	ALT_QUAL	ALT_FREQ	TOTAL_DP	PVAL	PASS	GFF_FEATURE	REF_CODON	REF_AA	ALT_CODON	ALT_AA
MN908947.3	241	C	T	2	0	36	1808	0	36	0.998343	1811	0	TRUE	NA	NA	NA	NA	NA
MN908947.3	3037	C	T	2591	2591	35	5316	5287	36	0.671721	7914	0	TRUE	cds-QHD43415.1	TTC	F	TTT	F
MN908947.3	4014	C	T	92	92	35	7877	7855	36	0.988331	7970	0	TRUE	cds-QHD43415.1	ACA	T	ATA	I
MN908947.3	8071	T	C	34	0	35	1902	23	36	0.982438	1936	0	TRUE	cds-QHD43415.1	TTT	F	TTC	F
MN908947.3	13170	C	T	23	7	35	7836	959	35	0.99682	7861	0	TRUE	cds-QHD43415.1	ACT	T	ATT	I
MN908947.3	13201	G	A	1052	1021	34	6803	50	35	0.865522	7860	0	TRUE	cds-QHD43415.1	CCG	P	CCA	P
MN908947.3	14408	C	T	12	12	36	7874	7857	35	0.99734	7895	0	TRUE	cds-QHD43415.1	CCT	P	CTT	L
MN908947.3	14703	C	T	68	60	35	7882	7868	36	0.990574	7957	0	TRUE	cds-QHD43415.1	GAC	D	GAT	D
MN908947.3	19862	C	T	19	19	34	7853	7848	35	0.99708	7876	0	TRUE	cds-QHD43415.1	GCT	A	GTT	V
MN908947.3	22482	C	T	18	0	36	7289	7	35	0.996991	7311	0	TRUE	cds-QHD43416.1	ACT	T	ATT	I
MN908947.3	22933	G	A	2879	2861	36	4975	81	35	0.633193	7857	0	TRUE	cds-QHD43416.1	AGG	R	AGA	R
MN908947.3	23403	A	G	6	6	35	7961	7941	36	0.999121	7968	0	TRUE	cds-QHD43416.1	GAT	D	GGT	G
MN908947.3	27804	C	T	3	2	37	224	48	36	0.982456	228	2.96947e-130	TRUE	NA	NA	NA	NA	NA
MN908947.3	28278	C	T	0	0	0	286	3	34	1	286	3.14323e-173	TRUE	cds-QHD43423.2	TCT	S	TTT	F
MN908947.3	28881	G	A	114	109	36	7822	7817	36	0.985511	7937	0	TRUE	cds-QHD43423.2	AGG	R	AAG	K
MN908947.3	28882	G	A	23	18	36	7733	7727	35	0.996136	7763	0	TRUE	cds-QHD43423.2	AGG	R	AGA	R
MN908947.3	28883	G	C	8	2	34	7909	7905	36	0.998359	7922	0	TRUE	cds-QHD43423.2	GGA	G	CGA	R
MN908947.3	29095	C	T	14	12	41	7652	7270	37	0.997783	7669	0	TRUE	cds-QHD43423.2	TTC	F	TTT	F
