REGION	POS	REF	ALT	REF_DP	REF_RV	REF_QUAL	ALT_DP	ALT_RV	ALT_QUAL	ALT_FREQ	TOTAL_DP	PVAL	PASS	GFF_FEATURE	REF_CODON	REF_AA	ALT_CODON	ALT_AA
MN908947.3	241	C	T	11	0	36	3062	3	36	0.996096	3074	0	TRUE	NA	NA	NA	NA	NA
MN908947.3	3037	C	T	2481	2474	34	5346	4030	36	0.682671	7831	0	TRUE	cds-QHD43415.1	TTC	F	TTT	F
MN908947.3	10525	C	T	27	10	36	7857	1021	35	0.995187	7895	0	TRUE	cds-QHD43415.1	GTC	V	GTT	V
MN908947.3	12661	G	A	30	30	34	7898	7866	36	0.995714	7932	0	TRUE	cds-QHD43415.1	AGG	R	AGA	R
MN908947.3	14408	C	T	26	24	36	7825	7717	35	0.995294	7862	0	TRUE	cds-QHD43415.1	CCT	P	CTT	L
MN908947.3	16852	G	T	3	3	37	1560	1542	36	0.996169	1566	0	TRUE	cds-QHD43415.1	GGT	G	TGT	C
MN908947.3	23403	A	G	3	3	37	7960	7925	36	0.999498	7964	0	TRUE	cds-QHD43416.1	GAT	D	GGT	G
MN908947.3	26592	A	G	29	27	37	2615	2565	36	0.989032	2644	0	TRUE	cds-QHD43419.1	ATA	I	GTA	V
MN908947.3	27371	C	T	1754	58	36	6107	6048	35	0.77441	7886	0	TRUE	cds-QHD43420.1	CCA	P	CTA	L
MN908947.3	28881	G	A	1059	28	34	3872	3867	36	0.784441	4936	0	TRUE	cds-QHD43423.2	AGG	R	AAG	K
MN908947.3	28882	G	A	1014	13	33	3829	3817	35	0.789485	4850	0	TRUE	cds-QHD43423.2	AGG	R	AGA	R
MN908947.3	28883	G	C	1022	3	34	3893	3881	36	0.791421	4919	0	TRUE	cds-QHD43423.2	GGA	G	CGA	R
