REGION	POS	REF	ALT	REF_DP	REF_RV	REF_QUAL	ALT_DP	ALT_RV	ALT_QUAL	ALT_FREQ	TOTAL_DP	PVAL	PASS	GFF_FEATURE	REF_CODON	REF_AA	ALT_CODON	ALT_AA
MN908947.3	241	C	T	8	0	36	4145	1	36	0.998074	4153	0	TRUE	NA	NA	NA	NA	NA
MN908947.3	733	T	C	435	12	36	2254	82	35	0.837918	2690	0	TRUE	cds-QHD43415.1	GAT	D	GAC	D
MN908947.3	778	T	C	5	5	37	5497	5468	35	0.999091	5502	0	TRUE	cds-QHD43415.1	CGT	R	CGC	R
MN908947.3	1973	C	T	2901	2734	36	5033	59	36	0.634199	7936	0	TRUE	cds-QHD43415.1	CTA	L	TTA	L
MN908947.3	3037	C	T	1584	1573	35	6332	4010	36	0.799293	7922	0	TRUE	cds-QHD43415.1	TTC	F	TTT	F
MN908947.3	3828	C	T	114	108	36	7897	7895	36	0.985401	8014	0	TRUE	cds-QHD43415.1	TCA	S	TTA	L
MN908947.3	6319	A	G	15	13	36	7822	5325	35	0.997322	7843	0	TRUE	cds-QHD43415.1	CCA	P	CCG	P
MN908947.3	6613	A	G	151	151	36	7786	7784	36	0.980852	7938	0	TRUE	cds-QHD43415.1	GTA	V	GTG	V
MN908947.3	11291	G	A	24	17	47	7930	7930	36	0.996983	7954	0	TRUE	cds-QHD43415.1	GGT	G	AGT	S
MN908947.3	11296	T	G	586	583	36	7255	7255	35	0.924322	7849	0	TRUE	cds-QHD43415.1	TTT	F	TTG	L
MN908947.3	13860	C	T	108	85	34	2676	15	36	0.961207	2784	0	TRUE	cds-QHD43415.1	GAC	D	GAT	D
MN908947.3	14408	C	T	14	6	35	7856	5469	35	0.997461	7876	0	TRUE	cds-QHD43415.1	CCT	P	CTT	L
MN908947.3	16887	C	T	1442	1304	36	6563	75	36	0.819863	8005	0	TRUE	cds-QHD43415.1	TAC	Y	TAT	Y
MN908947.3	17259	G	T	93	4	35	1005	49	36	0.915301	1098	0	TRUE	cds-QHD43415.1	GAG	E	GAT	D
MN908947.3	21621	C	A	101	0	34	1242	0	35	0.92	1350	0	TRUE	cds-QHD43416.1	ACC	T	AAC	N
MN908947.3	21638	C	T	5	1	55	1469	151	50	0.993239	1479	0	TRUE	cds-QHD43416.1	CCT	P	TCT	S
MN908947.3	21974	G	T	1	0	28	6151	0	36	0.998701	6159	0	TRUE	cds-QHD43416.1	GAT	D	TAT	Y
MN908947.3	22132	G	T	76	30	36	2089	2088	36	0.963561	2168	0	TRUE	cds-QHD43416.1	AGG	R	AGT	S
MN908947.3	22812	A	C	1786	1660	36	6132	26	36	0.773364	7929	0	TRUE	cds-QHD43416.1	AAG	K	ACG	T
MN908947.3	23063	A	T	315	0	36	5594	2	36	0.945891	5914	0	TRUE	cds-QHD43416.1	AAT	N	TAT	Y
MN908947.3	23403	A	G	0	0	0	7971	7969	36	1	7971	0	TRUE	cds-QHD43416.1	GAT	D	GGT	G
MN908947.3	23525	C	T	634	630	36	7342	7326	36	0.919935	7981	0	TRUE	cds-QHD43416.1	CAT	H	TAT	Y
MN908947.3	24642	C	T	3075	44	36	4790	4734	35	0.608795	7868	0	TRUE	cds-QHD43416.1	ACT	T	ATT	I
MN908947.3	26149	T	C	6	6	33	6952	6951	35	0.999138	6958	0	TRUE	cds-QHD43417.1	TCC	S	CCC	P
MN908947.3	28167	G	A	18	18	34	7970	7969	36	0.997372	7991	0	TRUE	cds-QHD43422.1	GAA	E	AAA	K
