REGION	POS	REF	ALT	REF_DP	REF_RV	REF_QUAL	ALT_DP	ALT_RV	ALT_QUAL	ALT_FREQ	TOTAL_DP	PVAL	PASS	GFF_FEATURE	REF_CODON	REF_AA	ALT_CODON	ALT_AA
MN908947.3	241	C	T	4	0	36	3764	1	36	0.998673	3769	0	TRUE	NA	NA	NA	NA	NA
MN908947.3	733	T	C	79	11	36	999	117	35	0.926716	1078	0	TRUE	cds-QHD43415.1	GAT	D	GAC	D
MN908947.3	2749	C	T	444	293	35	7391	7385	35	0.94297	7838	0	TRUE	cds-QHD43415.1	GAC	D	GAT	D
MN908947.3	3037	C	T	2408	2406	34	5475	5394	35	0.693653	7893	0	TRUE	cds-QHD43415.1	TTC	F	TTT	F
MN908947.3	3828	C	T	41	34	36	7974	7937	36	0.99476	8016	0	TRUE	cds-QHD43415.1	TCA	S	TTA	L
MN908947.3	6319	A	G	12	10	35	7682	4413	35	0.998181	7696	0	TRUE	cds-QHD43415.1	CCA	P	CCG	P
MN908947.3	6613	A	G	96	96	35	7786	7779	36	0.987695	7883	0	TRUE	cds-QHD43415.1	GTA	V	GTG	V
MN908947.3	11291	G	A	18	14	42	7911	7911	36	0.997604	7930	0	TRUE	cds-QHD43415.1	GGT	G	AGT	S
MN908947.3	11296	T	G	291	288	35	7603	7603	35	0.962283	7901	0	TRUE	cds-QHD43415.1	TTT	F	TTG	L
MN908947.3	13860	C	T	212	199	34	2589	31	36	0.923653	2803	0	TRUE	cds-QHD43415.1	GAC	D	GAT	D
MN908947.3	14408	C	T	13	13	33	7813	7794	35	0.996683	7839	0	TRUE	cds-QHD43415.1	CCT	P	CTT	L
MN908947.3	16887	C	T	2181	2138	36	5816	70	36	0.726909	8001	0	TRUE	cds-QHD43415.1	TAC	Y	TAT	Y
MN908947.3	17259	G	T	55	6	37	1349	130	36	0.957417	1409	0	TRUE	cds-QHD43415.1	GAG	E	GAT	D
MN908947.3	20006	G	A	51	42	36	7960	7957	36	0.99351	8012	0	TRUE	cds-QHD43415.1	GGT	G	GAT	D
MN908947.3	20489	G	T	3	3	27	7884	4481	35	0.99747	7904	0	TRUE	cds-QHD43415.1	TGT	C	TTT	F
MN908947.3	21621	C	A	66	0	34	2228	2	35	0.969117	2299	0	TRUE	cds-QHD43416.1	ACC	T	AAC	N
MN908947.3	21638	C	T	10	1	54	2609	357	52	0.993148	2627	0	TRUE	cds-QHD43416.1	CCT	P	TCT	S
MN908947.3	21974	G	T	0	0	0	5044	3	36	0.998416	5052	0	TRUE	cds-QHD43416.1	GAT	D	TAT	Y
MN908947.3	22132	G	T	85	21	36	3312	3307	36	0.971261	3410	0	TRUE	cds-QHD43416.1	AGG	R	AGT	S
MN908947.3	22812	A	C	2230	2203	36	5701	30	35	0.717829	7942	0	TRUE	cds-QHD43416.1	AAG	K	ACG	T
MN908947.3	23063	A	T	137	0	36	5200	8	36	0.97269	5346	0	TRUE	cds-QHD43416.1	AAT	N	TAT	Y
MN908947.3	23403	A	G	7	7	35	7947	7939	36	0.998869	7956	0	TRUE	cds-QHD43416.1	GAT	D	GGT	G
MN908947.3	23525	C	T	271	270	36	7709	7672	36	0.965798	7982	0	TRUE	cds-QHD43416.1	CAT	H	TAT	Y
MN908947.3	26149	T	C	7	7	32	7906	7899	35	0.998989	7914	0	TRUE	cds-QHD43417.1	TCC	S	CCC	P
MN908947.3	28167	G	A	28	28	35	7941	7926	36	0.995612	7976	0	TRUE	cds-QHD43422.1	GAA	E	AAA	K
