REGION	POS	REF	ALT	REF_DP	REF_RV	REF_QUAL	ALT_DP	ALT_RV	ALT_QUAL	ALT_FREQ	TOTAL_DP	PVAL	PASS	GFF_FEATURE	REF_CODON	REF_AA	ALT_CODON	ALT_AA
MN908947.3	241	C	T	12	0	34	4842	0	36	0.996706	4858	0	TRUE	NA	NA	NA	NA	NA
MN908947.3	3037	C	T	2442	2442	34	5379	5253	36	0.686973	7830	0	TRUE	cds-QHD43415.1	TTC	F	TTT	F
MN908947.3	3797	T	G	3	3	37	7967	7949	36	0.998621	7978	0	TRUE	cds-QHD43415.1	TTT	F	GTT	V
MN908947.3	5365	C	T	18	17	35	7864	7023	36	0.99721	7886	0	TRUE	cds-QHD43415.1	TAC	Y	TAT	Y
MN908947.3	7294	G	T	2	0	31	2537	4	36	0.996465	2546	0	TRUE	cds-QHD43415.1	TTG	L	TTT	F
MN908947.3	8137	G	T	8	7	35	6837	6782	36	0.996066	6864	0	TRUE	cds-QHD43415.1	GTG	V	GTT	V
MN908947.3	10450	C	T	864	845	35	7047	26	36	0.890335	7915	0	TRUE	cds-QHD43415.1	CCC	P	CCT	P
MN908947.3	12121	A	T	6	6	35	778	767	35	0.988564	787	0	TRUE	cds-QHD43415.1	CCA	P	CCT	P
MN908947.3	14408	C	T	19	19	36	7876	7855	35	0.996331	7905	0	TRUE	cds-QHD43415.1	CCT	P	CTT	L
MN908947.3	23403	A	G	11	11	37	7954	7937	36	0.998619	7965	0	TRUE	cds-QHD43416.1	GAT	D	GGT	G
MN908947.3	26855	A	T	2	2	35	2030	1855	37	0.995098	2040	0	TRUE	cds-QHD43419.1	TCA	S	TCT	S
MN908947.3	27299	T	C	42	1	36	3007	14	35	0.986225	3049	0	TRUE	cds-QHD43420.1	ATA	I	ACA	T
MN908947.3	27770	A	+TTAAACAGAT	7850	2094	35	5279	0	20	0.663274	7959	0	TRUE	NA	NA	NA	NA	NA
MN908947.3	28881	G	A	897	39	35	4959	4952	36	0.845957	5862	0	TRUE	cds-QHD43423.2	AGG	R	AAG	K
MN908947.3	28882	G	A	857	22	33	4901	4887	35	0.850278	5764	0	TRUE	cds-QHD43423.2	AGG	R	AGA	R
MN908947.3	28883	G	C	860	12	34	5000	4980	36	0.851934	5869	0	TRUE	cds-QHD43423.2	GGA	G	CGA	R
MN908947.3	29148	T	C	77	70	33	4729	4691	34	0.982751	4812	0	TRUE	cds-QHD43423.2	ATC	I	ACC	T
