REGION	POS	REF	ALT	REF_DP	REF_RV	REF_QUAL	ALT_DP	ALT_RV	ALT_QUAL	ALT_FREQ	TOTAL_DP	PVAL	PASS	GFF_FEATURE	REF_CODON	REF_AA	ALT_CODON	ALT_AA
MN908947.3	241	C	T	13	0	35	2918	0	36	0.994547	2934	0	TRUE	NA	NA	NA	NA	NA
MN908947.3	257	A	G	799	778	36	1904	1862	37	0.704403	2703	0	TRUE	NA	NA	NA	NA	NA
MN908947.3	2031	A	G	2834	2825	34	4268	4264	33	0.600704	7105	0	TRUE	cds-QHD43415.1	GAT	D	GGT	G
MN908947.3	3037	C	T	2440	2434	34	5407	4805	36	0.688264	7856	0	TRUE	cds-QHD43415.1	TTC	F	TTT	F
MN908947.3	6631	T	C	3006	3004	36	4547	4546	33	0.601535	7559	0	TRUE	cds-QHD43415.1	CTT	L	CTC	L
MN908947.3	10834	C	T	1018	983	32	1834	1830	36	0.642382	2855	0	TRUE	cds-QHD43415.1	GCC	A	GCT	A
MN908947.3	14408	C	T	17	12	36	6751	4746	35	0.996899	6772	0	TRUE	cds-QHD43415.1	CCT	P	CTT	L
MN908947.3	16535	G	C	1933	530	34	4892	18	34	0.702672	6962	0	TRUE	cds-QHD43415.1	AGC	S	ACC	T
MN908947.3	22346	G	T	1982	1258	36	5913	3716	35	0.745743	7929	0	TRUE	cds-QHD43416.1	GCT	A	TCT	S
MN908947.3	23403	A	G	5	5	37	7960	7943	36	0.999372	7965	0	TRUE	cds-QHD43416.1	GAT	D	GGT	G
MN908947.3	26963	A	G	2296	2	34	3635	6	36	0.612468	5935	0	TRUE	cds-QHD43419.1	GGA	G	GGG	G
MN908947.3	28272	A	G	58	4	47	94	1	35	0.618421	152	2.66377e-41	TRUE	NA	NA	NA	NA	NA
MN908947.3	28881	G	A	1232	27	35	4524	4499	36	0.78528	5761	0	TRUE	cds-QHD43423.2	AGG	R	AAG	K
MN908947.3	28882	G	A	1201	15	34	4487	4430	35	0.787608	5697	0	TRUE	cds-QHD43423.2	AGG	R	AGA	R
MN908947.3	28883	G	C	1186	3	34	4591	4527	36	0.793604	5785	0	TRUE	cds-QHD43423.2	GGA	G	CGA	R
