REGION	POS	REF	ALT	REF_DP	REF_RV	REF_QUAL	ALT_DP	ALT_RV	ALT_QUAL	ALT_FREQ	TOTAL_DP	PVAL	PASS	GFF_FEATURE	REF_CODON	REF_AA	ALT_CODON	ALT_AA
MN908947.3	241	C	T	5	0	37	2745	1	36	0.996009	2756	0	TRUE	NA	NA	NA	NA	NA
MN908947.3	3037	C	T	2889	2888	35	4956	4929	36	0.630775	7857	0	TRUE	cds-QHD43415.1	TTC	F	TTT	F
MN908947.3	5365	C	T	20	19	35	7852	7410	36	0.9967	7878	0	TRUE	cds-QHD43415.1	TAC	Y	TAT	Y
MN908947.3	8137	G	T	11	9	35	7382	7304	36	0.994879	7420	0	TRUE	cds-QHD43415.1	GTG	V	GTT	V
MN908947.3	14408	C	T	22	21	36	7854	7829	35	0.995563	7889	0	TRUE	cds-QHD43415.1	CCT	P	CTT	L
MN908947.3	16687	A	G	1472	1453	35	6426	17	36	0.812184	7912	0	TRUE	cds-QHD43415.1	ATT	I	GTT	V
MN908947.3	23403	A	G	5	5	37	7960	7942	36	0.999372	7965	0	TRUE	cds-QHD43416.1	GAT	D	GGT	G
MN908947.3	27299	T	C	4	0	36	412	51	35	0.990385	416	3.19694e-240	TRUE	cds-QHD43420.1	ATA	I	ACA	T
MN908947.3	28881	G	A	557	41	34	7375	7369	36	0.929075	7938	0	TRUE	cds-QHD43423.2	AGG	R	AAG	K
MN908947.3	28882	G	A	532	29	34	7237	7223	35	0.929967	7782	0	TRUE	cds-QHD43423.2	AGG	R	AGA	R
MN908947.3	28883	G	C	508	1	34	7420	7408	36	0.935216	7934	0	TRUE	cds-QHD43423.2	GGA	G	CGA	R
MN908947.3	29148	T	C	108	82	35	5365	5278	34	0.979015	5480	0	TRUE	cds-QHD43423.2	ATC	I	ACC	T
