REGION	POS	REF	ALT	REF_DP	REF_RV	REF_QUAL	ALT_DP	ALT_RV	ALT_QUAL	ALT_FREQ	TOTAL_DP	PVAL	PASS	GFF_FEATURE	REF_CODON	REF_AA	ALT_CODON	ALT_AA
MN908947.3	241	C	T	13	0	35	2860	0	36	0.994437	2876	0	TRUE	NA	NA	NA	NA	NA
MN908947.3	3037	C	T	2522	2516	35	5353	4517	36	0.67897	7884	0	TRUE	cds-QHD43415.1	TTC	F	TTT	F
MN908947.3	14408	C	T	17	17	36	7851	7837	35	0.997079	7874	0	TRUE	cds-QHD43415.1	CCT	P	CTT	L
MN908947.3	21764	A	-TACATG	1756	1733	35	1529	0	20	0.836891	1827	0	TRUE	NA	NA	NA	NA	NA
MN908947.3	23403	A	G	19	19	36	7945	7929	36	0.997614	7964	0	TRUE	cds-QHD43416.1	GAT	D	GGT	G
MN908947.3	28271	A	T	90	0	36	193	0	36	0.681979	283	8.39418e-82	TRUE	NA	NA	NA	NA	NA
MN908947.3	28311	C	T	193	188	35	7372	7369	33	0.97333	7574	0	TRUE	cds-QHD43423.2	CCC	P	CTC	L
MN908947.3	28361	G	-GAGAACGCA	8006	7985	36	7119	0	20	0.885338	8041	0	TRUE	NA	NA	NA	NA	NA
MN908947.3	28881	G	A	1604	16	34	5374	5362	36	0.770024	6979	0	TRUE	cds-QHD43423.2	AGG	R	AAG	K
MN908947.3	28882	G	A	1582	16	34	5314	5284	35	0.769476	6906	0	TRUE	cds-QHD43423.2	AGG	R	AGA	R
MN908947.3	28883	G	C	1575	2	34	5403	5367	36	0.772961	6990	0	TRUE	cds-QHD43423.2	GGA	G	CGA	R
