REGION	POS	REF	ALT	REF_DP	REF_RV	REF_QUAL	ALT_DP	ALT_RV	ALT_QUAL	ALT_FREQ	TOTAL_DP	PVAL	PASS	GFF_FEATURE	REF_CODON	REF_AA	ALT_CODON	ALT_AA
MN908947.3	241	C	T	14	1	36	3227	10	36	0.99384	3247	0	TRUE	NA	NA	NA	NA	NA
MN908947.3	885	G	A	756	744	36	7234	7200	36	0.904589	7997	0	TRUE	cds-QHD43415.1	CGT	R	CAT	H
MN908947.3	2475	A	G	311	98	35	1568	121	36	0.83183	1885	0	TRUE	cds-QHD43415.1	AAA	K	AGA	R
MN908947.3	3037	C	T	2837	2835	35	5008	4977	36	0.63715	7860	0	TRUE	cds-QHD43415.1	TTC	F	TTT	F
MN908947.3	3068	G	T	795	795	36	7151	7147	36	0.898819	7956	0	TRUE	cds-QHD43415.1	GAT	D	TAT	Y
MN908947.3	9559	C	T	714	712	36	7260	7255	36	0.909319	7984	0	TRUE	cds-QHD43415.1	TAC	Y	TAT	Y
MN908947.3	14408	C	T	30	30	35	7858	7839	35	0.994684	7900	0	TRUE	cds-QHD43415.1	CCT	P	CTT	L
MN908947.3	23191	C	T	824	823	36	7121	7090	36	0.895836	7949	0	TRUE	cds-QHD43416.1	TTC	F	TTT	F
MN908947.3	23403	A	G	7	7	34	7965	7927	36	0.998997	7973	0	TRUE	cds-QHD43416.1	GAT	D	GGT	G
MN908947.3	26058	C	T	895	889	36	6902	6860	34	0.884872	7800	0	TRUE	cds-QHD43417.1	GAC	D	GAT	D
MN908947.3	27299	T	C	108	0	35	1199	79	36	0.916667	1308	0	TRUE	cds-QHD43420.1	ATA	I	ACA	T
MN908947.3	28881	G	A	1028	23	34	6887	6880	36	0.868803	7927	0	TRUE	cds-QHD43423.2	AGG	R	AAG	K
MN908947.3	28882	G	A	1020	29	33	6772	6755	35	0.86776	7804	0	TRUE	cds-QHD43423.2	AGG	R	AGA	R
MN908947.3	28883	G	C	1010	1	34	6906	6887	36	0.87131	7926	0	TRUE	cds-QHD43423.2	GGA	G	CGA	R
MN908947.3	29148	T	C	703	687	34	6992	6955	34	0.908288	7698	0	TRUE	cds-QHD43423.2	ATC	I	ACC	T
